jiul	B-ORG
petrosani	E-ORG
1	O
dinamo	B-ORG
bucharest	E-ORG
0	O

-	O
the	O
surprise	O
...	O

"	O
a	O
great	O
game	O
has	O
been	O
started	O
in	O
afghanistan	O
as	O
america	O
feels	O
that	O
tehran	O
and	O
moscow	O
have	O
got	O
stronger	O
in	O
the	O
afghan	O
picture	O
--	O
something	O
washington	O
wants	O
to	O
change	O
,	O
"	O
he	O
said	O
.	O

jay	O
buhner	O
hit	O
a	O
three-run	O
homer	O
and	O
former	O
yankee	O
terry	O
mulholland	O
allowed	O
one	O
run	O
over	O
seven	O
innings	O
as	O
the	O
seattle	B-ORG
mariners	E-ORG
completed	O
a	O
sweep	O
of	O
new	B-ORG
york	E-ORG
with	O
a	O
10-2	O
victory	O
in	O
a	O
game	O
marred	O
by	O
a	O
bench-clearing	O
brawl	O
.	O

a	O
public	B-ORG
transport	I-ORG
corporation	E-ORG
spokesman	O
said	O
the	O
train	O
,	O
collided	O
with	O
the	O
truck	O
loaded	O
with	O
concrete	O
pylons	O
in	O
the	O
north	O
melbourne	O
suburb	O
of	O
preston	O
just	O
before	O
8.30	O
a.m	O
..	O

harleysville	B-ORG
group	E-ORG
ups	O
qrtly	O
dividend	O
.	O

blackburn	S-ORG
3	O
0	O
1	O
2	O
2	O
5	O
1	O

the	O
o-157	O
colon	O
bacillus	O
has	O
been	O
found	O
responsible	O
for	O
a	O
widespread	O
food	O
poisoning	O
epidemic	O
that	O
has	O
killed	O
11	O
people	O
and	O
made	O
over	O
9,500	O
ill	O
this	O
year	O
.	O

the	O
facility	O
has	O
a	O
tenor	O
of	O
six	O
months	O
.	O

-docstart-	O

namibia	O
6	O
botswana	O
0	O

-docstart-	O

lg	S-ORG
44	O
5	O
57	O
.439	O
18	O

anthony	O
hill	O
(	O
australia	O
)	O
beat	O
8	O
-	O
mark	O
chaloner	O
(	O
england	O
)	O
15-11	O

oldham	S-ORG
2	O
0	O
0	O
2	O
2	O
5	O
0	O

rtrs	S-ORG
-	O
budget	O
cuts	O
to	O
boost	O
australia	O
savings	O
-	O
rba	S-ORG
.	O

unit	O
,	O
for	O
about	O
$	O
400	O
million	O
in	O
cash	O
,	O
creating	O
one	O
of	O
the	O
world	O
's	O
largest	O
makers	O
of	O
intravenous	O
infusion	O
therapy	O
products	O
.	O

argentine	O
striker	O
iwan	O
cesar	O
gabrich	O
signed	O
a	O
five	O
year	O
contract	O
with	O
dutch	O
champions	O
ajax	B-ORG
amsterdam	E-ORG
on	O
wednesday	O
.	O

saeed	O
anwar	O
not	O
out	O
116	O

he	O
appeared	O
to	O
have	O
been	O
killed	O
on	O
tuesday	O
night	O
,	O
suffering	O
at	O
least	O
eight	O
stab	O
wounds	O
.	O

cairo	O
1996-08-25	O

mandsaur	O
10	O
yellow	O
12,600-12,750	O
12,700-12,850	O

allensbach	S-ORG
may	O
15	O
38.5	O
32.5	O
8.1	O
12.0	O
4.4	O

-docstart-	O

volendam	S-ORG
1	O
psv	B-ORG
eindhoven	E-ORG
3	O

5,000	O
.	O

borsuk	O
said	O
the	O
farm	O
sector	O
has	O
two	O
options	O
:	O
"	O
we	O
can	O
sit	O
down	O
and	O
cry	O
,	O
or	O
we	O
can	O
do	O
something	O
.	O
"	O

engineering	O
concern	O
stork	S-ORG
started	O
the	O
day	O
well	O
as	O
the	O
shares	O
attracted	O
some	O
follow-through	O
interest	O
to	O
the	O
announcement	O
late	O
on	O
friday	O
that	O
its	O
fokker	B-ORG
aviation	E-ORG
unit	O
had	O
won	O
a	O
major	O
order	O
.	O

at	O
leicester	O
:	O
leicestershire	S-ORG
343-8	O
(	O
p.	O
simmons	O
108	O
,	O
p.	O
nixon	O

glamorgan	S-ORG
.	O

mark	O
philippoussis	O
(	O
australia	O
)	O
beat	O
8	O
-	O
marc	O
rosset	O

he	O
said	O
growth	O
in	O
customer	O
demand	O
in	O
the	O
first	O
half	O
was	O
50	O
percent	O
above	O
normal	O
but	O
it	O
was	O
hard	O
to	O
maintain	O
this	O
pace	O
.	O

evert	O
will	O
depart	O
for	O
alexandroupolis	O
on	O
saturday	O
afternoon	O
.	O

"	O
this	O
finding	O
is	O
important	O
because	O
one	O
of	O
the	O
jars	O
still	O
contains	O
substances	O
and	O
materials	O
used	O
in	O
the	O
conservation	O
of	O
mummies	O
and	O
the	O
conservation	O
of	O
the	O
intestines	O
and	O
all	O
the	O
things	O
which	O
were	O
in	O
the	O
cavity	O
of	O
a	O
person	O
we	O
have	O
not	O
identified	O
yet	O
,	O
"	O
saleh	O
said	O
.	O

4.	O
marcus	O
gronholm	O
(	O
finland	O
)	O
toyota	O
celica	O
2:42	O

information	O
minister	O
marwan	O
muasher	O
says	O
there	O
is	O
evidence	O
that	O
"	O
some	O
official	O
parties	O
in	O
iraq	O
"	O
were	O
behind	O
the	O
disturbances	O
in	O
the	O
south	O
.	O

chants	O
from	O
the	O
crowd	O
of	O
"	O
death	O
to	O
the	O
arabs	O
"	O
,	O
and	O
bottle-throwing	O
during	O
the	O
game	O
marred	O
the	O
match	O
which	O
ended	O
in	O
a	O
goalless	O
draw	O
.	O

new	O
york	O

he	O
added	O
that	O
he	O
has	O
had	O
job	O
offers	O
but	O
more	O
have	O
come	O
from	O
abroad	O
than	O
at	O
home	O
.	O

the	O
26-year-old	O
o'brien	O
,	O
who	O
won	O
the	O
atp	O
tour	O
stop	O
in	O
new	O
haven	O
last	O
week	O
,	O
has	O
now	O
won	O
18	O
of	O
his	O
last	O
20	O
matches	O
,	O
dating	O
back	O
to	O
qualifying	O
rounds	O
in	O
los	O
angeles	O
in	O
late	O
july	O
.	O

authorities	O
closed	O
down	O
the	O
28,000-student	O
university	O
on	O
wednedsay	O
following	O
gunbattles	O
between	O
students	O
and	O
police	O
.	O

-	O
the	O
lebanese	B-ORG
association	I-ORG
for	I-ORG
the	I-ORG
democracy	I-ORG
of	I-ORG
elections	E-ORG
cited	O
51	O
incidents	O
of	O
violation	O
in	O
the	O
north	O
lebanon	O
round	O
.	O

rkc	B-ORG
waalwijk	E-ORG
2	O
0	O
1	O
1	O
4	O
5	O
1	O

-docstart-	O

vienna	O
1996-08-26	O

news	B-ORG
corp	E-ORG
's	O
shares	O
were	O
down	O
eight	O
cents	O
at	O
a$	O
6.39	O
at	O
2.00	O
p.m.	O
(	O
0400	O
gmt	O
)	O
in	O
a	O
soft	O
market	O
.	O

on	O
monday	O
,	O
in	O
the	O
first	O
round	O
of	O
voting	O
,	O
meri	O
secured	O
45	O
votes	O
and	O
ruutel	O
34	O
.	O

british	O
foreign	O
secretary	O
malcolm	O
rifkind	O
said	O
on	O
tuesday	O
that	O
his	O
government	O
would	O
only	O
take	O
action	O
against	O
a	O
planned	O
conference	O
of	O
islamist	O
groups	O
in	O
london	O
if	O
british	O
law	O
was	O
broken	O
.	O

glasgow	B-ORG
rangers	E-ORG
striker	O
ally	O
mccoist	O
,	O
another	O
man	O
in	O
form	O
after	O
two	O
hat-tricks	O
in	O
four	O
days	O
,	O
was	O
also	O
named	O
for	O
the	O
august	O
31	O
world	O
cup	O
qualifier	O
against	O
austria	O
in	O
vienna	O
.	O

52	O
)	O
v	O
worcestershire	S-ORG
.	O

everton	S-ORG
3	O
1	O
2	O
0	O
4	O
2	O
5	O

salim	O
malik	O
not	O
out	O
2	O

5.	O
armstrong	O
81	O

cricket	O
-	O
pakistan	O
318-2	O
v	O
england	O
--	O
lunch	O
.	O

championship	O
standings	O
after	O
seven	O
rounds	O
:	O

hansa	B-ORG
rostock	E-ORG
3	O
0	O
2	O
1	O
3	O
4	O
2	O

open	O
badminton	O
tournament	O
on	O
friday	O
(	O
prefix	O
numbers	O
denote	O

moscow	O
1996-08-27	O

g.	O
flower	O
c	O
ponting	O
b	O
flemming	O
7	O

"	O
several	O
service	O
centers	O
indicated	O
that	O
while	O
their	O
volume	O
of	O
orders	O
remains	O
constant	O
,	O
the	O
size-per-order	O
continues	O
to	O
be	O
smaller	O
than	O
what	O
was	O
realised	O
during	O
the	O
first	O
five	O
months	O
of	O
the	O
year	O
,	O
"	O
the	O
cbsa	S-ORG
said	O
.	O

we	O
will	O
take	O
it	O
over	O
early	O
next	O
month	O
,	O
"	O
he	O
said	O
.	O

tapie	O
to	O
quit	O
french	O
assembly	O
seat	O
as	O
film	O
opens	O
.	O

m.	O
slater	O
c	O
p.	O
strang	O
b	O
whittall	O
50	O

nor	O
was	O
implats	S-ORG
the	O
only	O
operation	O
to	O
fail	O
output	O
targets	O
.	O

-docstart-	O

-docstart-	O

the	O
talks	O
had	O
been	O
postponed	O
while	O
the	O
russians	O
waited	O
for	O
the	O
rebels	O
to	O
return	O
arms	O
and	O
ammunition	O
seized	O
from	O
russian	O
soldiers	O
at	O
the	O
weekend	O
.	O

the	O
palestinian	B-ORG
authority	E-ORG
said	O
the	O
dead	O
man	O
,	O
nahed	O
dahlan	O
,	O
had	O
committed	O
suicide	O
.	O

many	O
software	O
developers	O
apparently	O
saw	O
their	O
crucial	O
holiday	O
season	O
sales	O
suffer	O
last	O
year	O
because	O
store	O
shelves	O
were	O
jammed	O
with	O
blue-and-white	O
boxes	O
of	O
windows	O
95	O
,	O
resulting	O
in	O
a	O
shortage	O
of	O
space	O
for	O
seasonal	O
products	O
,	O
said	O
ann	O
stephens	O
,	O
president	O
of	O
pc	B-ORG
data	I-ORG
inc	E-ORG
.	O

colorado	S-ORG
67	O
63	O
.515	O
3	O
1/2	O

1	O
-	O
michael	O
chang	O
(	O
u.s.	O
)	O
beat	O
sergi	O
bruguera	O
(	O
spain	O
)	O
6-3	O
6-2	O

attendance	O
:	O
8,000	O

-docstart-	O

nathalie	O
dechy	O
(	O
france	O
)	O
beat	O
christina	O
singer	O
(	O
germany	O
)	O
6-4	O
6-0	O

that	O
's	O
all	O
i	O
said	O
,	O
"	O
he	O
replied	O
as	O
he	O
was	O
shaking	O
hands	O
with	O
well-wishers	O
.	O

borussia	B-ORG
dortmund	E-ORG
3	O
(	O
riedle	O
8th	O
minute	O
,	O
heinrich	O
29th	O
,	O

he	O
seemed	O
to	O
relish	O
the	O
new	O
track	O
at	O
the	O
brussels	O
meeting	O
,	O
dominating	O
the	O
race	O
from	O
start	O
to	O
finish	O
with	O
a	O
slight	O
wind	O
at	O
his	O
back	O
.	O

but	O
huber	O
will	O
be	O
tested	O
immediately	O
with	O
a	O
first-round	O
encounter	O
against	O
dangerous	O
18th-ranked	O
south	O
african	O
amanda	O
coetzer	O
.	O

heinz-harald	O
frentzen	O
(	O
germany	O
)	O
sauber	S-ORG

7.	O
sarah	O
thorsett	O
(	O
u.s.	O
)	O
4:06.80	O

snoozing	O
vietnamese	O
man	O
takes	O
slow	O
train	O
to	O
alaska	O
.	O

the	O
england	O
cricket	O
squad	O
was	O
announced	O
on	O
sunday	O
for	O
the	O
one-day	O
international	O
series	O
against	O
pakistan	O
starting	O
on	O
thursday	O
.	O

what	O
the	O
people	O
expect	O
is	O
to	O
have	O
houses	O
,	O
to	O
have	O
jobs	O
.	O
"	O

he	O
said	O
:	O
"	O
we	O
cannot	O
accept	O
constraints	O
on	O
our	O
option	O
as	O
long	O
as	O
nuclear	O
weapon	O
states	O
continue	O
to	O
rely	O
on	O
their	O
nuclear	O
arsenals	O
for	O
their	O
security	O
"	O
.	O

they	O
also	O
show	O
that	O
police	O
investigating	O
a	O
theft	O
visited	O
dutroux	O
late	O
last	O
year	O
at	O
the	O
house	O
where	O
julie	O
and	O
melissa	O
were	O
being	O
held	O
but	O
accepted	O
his	O
word	O
that	O
the	O
children	O
's	O
cries	O
they	O
could	O
hear	O
came	O
from	O
neighbours	O
.	O

scores	O
:	O
india	O
226-5	O
in	O
50	O
overs	O
,	O
sri	O
lanka	O
230-1	O
in	O
44.2	O
overs	O
.	O

the	O
women	O
said	O
they	O
went	O
to	O
belgium	O
voluntarily	O
and	O
police	O
suspect	O
they	O
were	O
used	O
to	O
act	O
in	O
pornographic	O
films	O
,	O
gajdos	O
said	O
earlier	O
this	O
week	O
.	O

revs	O
20,167	O
18,623	O

5.	O
veerle	O
de	O
jaeghere	O
(	O
belgium	O
)	O
2:43.18	O

played	O
on	O
tuesday	O
:	O

martin	O
gates	O
,	O
anders	O
haglund	O
(	O
sweden	O
)	O

7.	O
max	O
van	O
heeswijk	O
(	O
netherlands	O
)	O
motorola	S-ORG
28	O

scorers	O
:	O

cardiff	S-ORG
3	O
1	O
1	O
1	O
1	O
2	O
4	O

-docstart-	O

swiss	O
money	O
market	O
rates	O
remained	O
lower	O
at	O
around	O
1.75	O
percent	O
offered	O
.	O

people	O
were	O
waiting	O
for	O
the	O
results	O
to	O
come	O
out	O
before	O
buying	O
.	O

ukraine	O
has	O
repeatedly	O
promised	O
to	O
introduce	O
the	O
hryvna	O
but	O
had	O
to	O
postpone	O
the	O
plans	O
because	O
of	O
economic	O
problems	O
.	O

--	O
julia	O
ferguson	O
,	O
vienna	O
newsroom	O
,	O
+431	O
53112	O
274	O

men	O
's	O
javelin	O

dallas	O
1996-08-26	O

-docstart-	O

"	O
the	O
nikkei	O
is	O
testing	O
support	O
at	O
the	O
20,500	O
level	O
.	O

excluding	O
the	O
effect	O
of	O
a	O
one-time	O
restructuring	O
charge	O
of	O
$	O
17.4	O
million	O
,	O
ivac	S-ORG
had	O
net	O
income	O
of	O
$	O
4.2	O
million	O
on	O
net	O
sales	O
of	O
$	O
112.8	O
million	O
for	O
the	O
1996	O
first	O
half	O
.	O

second	O
race	O

"	O
july	O
was	O
still	O
above	O
the	O
historic	O
average	O
for	O
that	O
month	O
,	O
"	O
the	O
cbsa	S-ORG
said	O
.	O

issue	O
:	O
public	O
school	O
,	O
series	O
1996	O
tax	O
stat:exempt-ult	O

paul	O
lawrie	O
72	O
75	O
72	O
,	O
miguel	O
angel	O
jimenez	O
(	O
spain	O
)	O
74	O
72	O

in	O
submissions	O
last	O
week	O
to	O
the	O
commission	O
national	B-ORG
party	E-ORG
leader	O
and	O
former	O
president	O
f.w.	O
de	O
klerk	O
said	O
he	O
had	O
received	O
no	O
co-operation	O
from	O
botha	O
in	O
compiling	O
his	O
party	O
's	O
report	O
.	O

manchester	O
,	O
england	O
1996-08-29	O

pro-baseball	O
games	O
played	O
on	O
friday	O
.	O

florida	S-ORG
8	O
cincinnati	S-ORG
3	O
(	O
2nd	O
gm	O
)	O

"	O
he	O
's	O
very	O
excited	O
about	O
this	O
convention	O
...	O

third-seeded	O
wayne	O
ferreira	O
of	O
south	O
africa	O
defeated	O
tim	O
henman	O
of	O
britain	O
6-4	O
6-4	O
after	O
a	O
three-hour	O
evening	O
rain	O
delay	O
and	O
fifth-seeded	O
thomas	O
enqvist	O
of	O
sweden	O
won	O
his	O
third-round	O
match	O
,	O
eliminating	O
petr	O
korda	O
of	O
the	O
czech	O
republic	O
6-3	O
6-4	O
.	O

all	O
three	O
wounded	O
are	O
in	O
a	O
satisfactory	O
condition	O
in	O
hospital	O
.	O

loznica	S-ORG
0	O
obilic	S-ORG
1	O

baltimore	B-ORG
orioles	E-ORG
manager	O
davey	O
johnson	O
will	O
miss	O
thursday	O
night	O
's	O
game	O
against	O
the	O
seattle	B-ORG
mariners	E-ORG
after	O
being	O
admitted	O
to	O
a	O
hospital	O
with	O
an	O
irregular	O
heartbeat	O
.	O

london	O
1996-08-29	O

osce	S-ORG
and	O
independent	O
monitors	O
allege	O
that	O
serb	O
authorities	O
have	O
systematically	O
discouraged	O
refugees	O
from	O
registering	O
to	O
cast	O
a	O
ballot	O
in	O
the	O
places	O
they	O
lived	O
before	O
the	O
war	O
.	O

15.	O
pedro	O
diniz	O
(	O
brazil	O
)	O
ligier	S-ORG
22	O

1.	O
max	O
van	O
heeswijk	O
(	O
netherlands	O
)	O
motorola	S-ORG
4	O
hours	O
39	O
minutes	O
six	O
seconds	O
.	O

london	S-ORG
56	O
castleford	S-ORG
0	O

each	O
day	O
of	O
the	O
trip	O
will	O
have	O
a	O
late	O
start	O
,	O
so	O
that	O
network	O
television	O
correspondents	O
will	O
be	O
able	O
to	O
do	O
live	O
reports	O
for	O
morning	O
programmes	O
.	O

dole	O
said	O
former	O
first	O
lady	O
nancy	O
reagan	O
was	O
laughed	O
at	O
with	O
her	O
"	O
just	O
say	O
no	O
"	O
anti-drug	O
message	O
.	O
"	O

a	O
letter	O
to	O
the	O
belgrade	O
embassy	O
on	O
monday	O
under	O
the	O
name	O
of	O
the	O
macedonian	B-ORG
communist	I-ORG
party	E-ORG
demanded	O
south	O
korea	O
release	O
detained	O
student	O
leaders	O
,	O
a	O
ministry	O
spokesman	O
said	O
.	O

rapid	B-ORG
vienna	E-ORG
0	O
fc	B-ORG
linz	E-ORG
0	O

on	O
sunday	O
voters	O
in	O
hungary	O
also	O
cast	O
ballots	O
for	O
municipal	O
councils	O
but	O
these	O
will	O
be	O
invalidated	O
following	O
the	O
cancellation	O
of	O
local	O
elections	O
by	O
the	O
osce	S-ORG
on	O
tuesday	O
.	O

according	O
to	O
osce	S-ORG
officials	O
,	O
serb	O
authorities	O
have	O
pressed	O
their	O
refugees	O
to	O
register	O
to	O
vote	O
in	O
towns	O
now	O
under	O
serb	O
control	O
,	O
but	O
which	O
used	O
to	O
have	O
moslem	O
majorities	O
.	O

a	O
finance	B-ORG
ministry	E-ORG
official	O
explained	O
that	O
the	O
cheques	O
for	O
corporate	O
tax	O
payments	O
had	O
been	O
sucked	O
into	O
the	O
ventilation	O
system	O
,	O
the	O
weekly	O
reported	O
.	O

india	O
's	O
leading	O
cement	O
firm	O
associated	B-ORG
cement	I-ORG
companies	E-ORG
(	O
acc	S-ORG
)	O
said	O
on	O
wednesday	O
its	O
cement	O
sales	O
rose	O
to	O
3.1	O
million	O
tonnes	O
in	O
april-july	O
1996	O
from	O
2.93	O
million	O
a	O
year	O
ago	O
.	O

carlton	S-ORG
21	O
14	O
0	O
7	O
2009	O
1844	O
108.9	O
56	O

(	O
marseille	S-ORG
)	O
,	O
robert	O
pires	O
(	O
metz	S-ORG
)	O
,	O
thierry	O
henry	O
(	O
monaco	S-ORG
)	O

her	O
missionaries	B-ORG
of	I-ORG
charity	E-ORG
,	O
a	O
roman	O
catholic	O
religious	O
order	O
she	O
founded	O
in	O
1949	O
,	O
now	O
runs	O
about	O
300	O
homes	O
for	O
unwanted	O
children	O
and	O
the	O
destitute	O
in	O
india	O
and	O
abroad	O
.	O

5.	O
nicolas	O
charlier	O
(	O
france	O
)	O
kawasaki	S-ORG

but	O
the	O
nepali	O
government	O
said	O
the	O
insurgents	O
must	O
give	O
up	O
violence	O
before	O
it	O
negotiates	O
with	O
them	O
.	O

as	O
a	O
result	O
of	O
the	O
absence	O
of	O
this	O
team	O
from	O
the	O
match	O
,	O
"	O
caf	S-ORG
said	O
in	O
a	O
statement	O
.	O

the	O
algerian	O
ambassador	O
in	O
london	O
has	O
also	O
asked	O
for	O
clarification	O
from	O
the	O
foreign	B-ORG
office	E-ORG
over	O
the	O
meeting	O
of	O
islamist	O
groups	O
.	O

the	O
consortium	O
,	O
called	O
americast	S-ORG
,	O
said	O
the	O
contract	O
was	O
part	O
of	O
its	O
strategy	O
to	O
develop	O
and	O
market	O
the	O
next	O
generation	O
in	O
home	O
entertainment	O
.	O

human	O
rights	O
workers	O
say	O
authorities	O
in	O
serbia	O
and	O
bosnian	O
serb	O
territory	O
have	O
conducted	O
a	O
well-organised	O
campaign	O
to	O
coerce	O
refugees	O
into	O
registering	O
only	O
on	O
serb	O
territory	O
and	O
failed	O
to	O
inform	O
them	O
of	O
their	O
rights	O
under	O
the	O
dayton	O
peace	O
agreement	O
.	O

the	O
company	O
said	O
the	O
90	O
percent	O
owned	O
trax	O
et	O
al	O
morinville	O
10-23	O
logged	O
28	O
feet	O
of	O
productive	O
leduc	O
reef	O
at	O
5,350	O
feet	O
.	O

2.	O
jacques	O
villeneuve	O
(	O
canada	O
)	O
williams	S-ORG
5.602	O
seconds	O

he	O
painted	O
a	O
scene	O
of	O
horrors	O
he	O
saw	O
if	O
republicans	O
controlled	O
the	O
white	O
house	O
and	O
the	O
congress	S-ORG
they	O
hold	O
now	O
.	O
"	O

texas	S-ORG
75	O
56	O
.573	O
-	O

christie	O
is	O
due	O
to	O
retire	O
from	O
international	O
competition	O
at	O
the	O
end	O
of	O
the	O
season	O
although	O
he	O
may	O
compete	O
for	O
britain	O
in	O
next	O
season	O
's	O
european	O
cup	O
.	O

wall	O
street	O
had	O
expected	O
the	O
company	O
to	O
earn	O
$	O
0.17	O
a	O
share	O
in	O
its	O
fourth	O
quarter	O
,	O
ended	O
june	O
30	O
,	O
according	O
to	O
first	O
call	O
.	O

-docstart-	O

telfer	O
,	O
who	O
has	O
put	O
on	O
hold	O
his	O
role	O
as	O
scotland	O
team	O
manager	O
for	O
a	O
year	O
,	O
will	O
act	O
as	O
assistant	O
to	O
ian	O
mcgeechan	O
.	O

among	O
them	O
,	O
he	O
noted	O
that	O
cofinec	S-ORG
had	O
acquired	O
the	O
outstanding	O
stake	O
in	O
its	O
czech	O
folding	O
company	O
krpaco	B-ORG
a.s.	E-ORG
,	O
increasing	O
its	O
ownership	O
to	O
100	O
percent	O
,	O
so	O
in	O
the	O
second	O
half	O
the	O
whole	O
of	O
krpaco	S-ORG
's	O
figures	O
will	O
be	O
consolidated	O
.	O

chelsea	S-ORG
3	O
2	O
1	O
0	O
3	O
0	O
7	O

european	O
beef	O
sales	O
plunged	O
after	O
britain	O
announced	O
the	O
discovery	O
of	O
a	O
likely	O
link	O
between	O
bovine	O
spongiform	O
encephalopathy	O
(	O
bse	O
)	O
,	O
or	O
mad	O
cow	O
disease	O
,	O
and	O
its	O
fatal	O
human	O
equivalent	O
creutzfeldt-jakob	O
disease	O
(	O
cjd	O
)	O
.	O

bosnian	O
vice	O
president	O
ejup	O
ganic	O
,	O
a	O
moslem	O
,	O
told	O
the	O
refugees	O
:	O
"	O
we	O
have	O
a	O
message	O
for	O
the	O
serbs	O
who	O
are	O
now	O
in	O
our	O
homes	O
not	O
to	O
plan	O
the	O
future	O
of	O
their	O
children	O
there	O
because	O
there	O
will	O
be	O
no	O
good	O
fortune	O
in	O
that	O
.	O
"	O

"	O
a	O
person	O
can	O
be	O
forced	O
to	O
appear	O
,	O
but	O
the	O
only	O
way	O
one	O
is	O
going	O
to	O
get	O
to	O
the	O
truth	O
in	O
its	O
totality	O
is	O
if	O
people	O
feel	O
it	O
is	O
a	O
good	O
idea	O
to	O
go	O
to	O
the	O
amnesty	O
committee	O
.	O

new	O
york	O
1996-08-27	O

there	O
's	O
no	O
problem	O
whatsoever	O
,	O
"	O
he	O
told	O
reuters	S-ORG
.	O

-docstart-	O

indonesian	O
rupiah	O
stable	O
in	O
quiet	O
late	O
trading	O
.	O

bangkok	O
1996-08-29	O

baseball	O
games	O
played	O
on	O
wednesday	O
(	O
home	O
team	O
in	O
caps	O
)	O
:	O

attendance	O
:	O
800	O

2.	O
mcewen	O
0:04	O
seconds	O
behind	O

kilmarnock	S-ORG
3	O
1	O
0	O
2	O
5	O
7	O
3	O

new	O
york	O
1996-08-26	O

result	O
of	O
a	O
scottish	O
third	O

leeds	S-ORG
v	O
wimbledon	S-ORG

oval	O
on	O
friday	O
:	O

1.	O
svetlana	O
samokhalova	O
(	O
russia	O
)	O
28	O
points	O
(	O
in	O
32	O

israeli	O
prison	O
officials	O
took	O
jailed	O
islamic	O
militant	O
hamas	S-ORG
founder	O
sheikh	O
ahmed	O
yassin	O
to	O
hospital	O
briefly	O
on	O
thursday	O
for	O
medical	O
tests	O
,	O
officials	O
said	O
.	O

the	O
50-year-old	O
president	O
has	O
been	O
dogged	O
for	O
years	O
by	O
allegations	O
of	O
financial	O
wrongdoing	O
,	O
sexual	O
misconduct	O
and	O
questionable	O
judgment	O
in	O
selecting	O
his	O
advisers	O
.	O

an	O
estimated	O
50,000	O
algerians	O
and	O
more	O
than	O
110	O
foreigners	O
have	O
been	O
killed	O
in	O
violence	O
pitting	O
moslem	O
rebels	O
against	O
government	O
forces	O
since	O
early	O
1992	O
,	O
when	O
the	O
authorities	O
cancelled	O
a	O
general	O
election	O
in	O
which	O
radical	O
islamists	O
had	O
taken	O
a	O
commanding	O
lead	O
.	O

0-1	O
.	O

tranmere	S-ORG
,	O
grimsby	S-ORG
v	O
portsmouth	S-ORG
,	O
huddersfield	S-ORG
v	O
crystal	B-ORG
palace	E-ORG
,	O

2-mth	O
helibor	O
3.34	O
pct	O
3.34	O
pct	O

the	O
company	O
did	O
not	O
declare	O
an	O
interim	O
dividend	O
as	O
in	O
the	O
previous	O
year	O
.	O

-docstart-	O

ischinger	O
said	O
he	O
met	O
three	O
russian	O
deputy	O
foreign	O
ministers	O
and	O
a	O
vice	O
defence	O
minister	O
,	O
who	O
confirmed	O
russian	O
foreign	O
minister	O
yevgeny	O
primakov	O
's	O
pledge	O
that	O
moscow	O
would	O
seek	O
a	O
political	O
solution	O
under	O
the	O
aegis	O
of	O
the	O
organisation	B-ORG
for	I-ORG
security	I-ORG
and	I-ORG
cooperation	I-ORG
in	I-ORG
europe	E-ORG
(	O
osce	S-ORG
)	O
.	O

montpellier	S-ORG
seized	O
an	O
unexpected	O
lead	O
thanks	O
to	O
kader	O
ferhaoui	O
in	O
the	O
fourth	O
minute	O
after	O
a	O
blunder	O
from	O
lens	S-ORG
goalkeeper	O
jean-claude	O
nadon	O
.	O

finns	O
hold	O
two	O
men	O
on	O
child	O
sex-abuse	O
charges	O
.	O

north	B-ORG
melbourne	E-ORG
14.12	O
(	O
96	O
)	O
geelong	S-ORG
16.13	O
(	O
109	O
)	O

moscow	O
said	O
the	O
crew	O
's	O
nationality	O
was	O
coincidental	O
.	O

presently	O
,	O
for	O
example	O
,	O
if	O
an	O
accountant	O
's	O
job	O
involves	O
doing	O
five	O
specific	O
tasks	O
,	O
he	O
or	O
she	O
can	O
expect	O
a	O
certain	O
salary	O
,	O
said	O
sandra	O
o'neal	O
,	O
a	O
towers	B-ORG
perrin	E-ORG
principal	O
.	O

chicago	S-ORG
at	O
houston	O

soccer	O
-	O
uefa	S-ORG
rewards	O
three	O
countries	O
for	O
fair	O
play	O
.	O

ireland	O
's	O
most	O
experienced	O
player	O
,	O
defender	O
paul	O
mcgrath	O
,	O
was	O
left	O
out	O
of	O
the	O
national	O
squad	O
for	O
the	O
first	O
time	O
in	O
11	O
years	O
on	O
tuesday	O
when	O
new	O
manager	O
mick	O
mccarthy	O
named	O
his	O
side	O
to	O
face	O
liechtenstein	O
in	O
a	O
world	O
cup	O
qualifier	O
.	O

in	O
its	O
1996/97	O
budget	O
announced	O
on	O
tuesday	O
,	O
the	O
australian	O
coalition	S-ORG
government	O
announced	O
an	O
underlying	O
budget	O
deficit	O
of	O
a$	O
5.65	O
billion	O
,	O
and	O
pledged	O
to	O
return	O
the	O
underlying	O
budget	O
balance	O
to	O
surplus	O
by	O
1998/99	O
.	O

the	O
finance	B-ORG
ministry	E-ORG
raised	O
the	O
price	O
for	O
tap	O
sales	O
of	O
the	O
dutch	O
government	O
's	O
new	O
5.75	O
percent	O
bond	O
due	O
september	O
2002	O
to	O
99.95	O
from	O
99.90	O
.	O

venezuela	O
finmin	O
to	O
make	O
statement	O
midday	O
thursday	O
.	O

cevaer	O
(	O
france	O
)	O
,	O
thomas	O
bjorn	O
(	O
denmark	O
)	O
,	O
tony	O
johnstone	O

division	O
soccer	O
matches	O
on	O
sunday	O
:	O

revered	O
skull	O
of	O
s.	O
africa	O
king	O
is	O
scottish	O
woman	O
's	O
.	O

it	O
started	O
operations	O
in	O
january	O
1985	O
and	O
has	O
registered	O
capital	O
of	O
1.56	O
billion	O
baht	O
,	O
it	O
said	O
but	O
gave	O
no	O
further	O
details	O
.	O

3.	O
michael	O
schumacher	O
(	O
germany	O
)	O
39	O

in	O
addition	O
to	O
using	O
accounting	O
skills	O
,	O
the	O
accountant	O
will	O
also	O
have	O
to	O
be	O
creative	O
,	O
work	O
well	O
in	O
a	O
team	O
,	O
be	O
sensitive	O
to	O
customer	O
needs	O
and	O
set	O
productivity	O
goals	O
.	O

3.	O
bvsc	S-ORG
3	O
2	O
1	O
-	O
6	O
2	O
7	O

squad	O
:	O
michael	O
atherton	O
(	O
captain	O
)	O
,	O
alec	O
stewart	O
,	O
graham	O
thorpe	O
,	O
nick	O
knight	O
,	O
graham	O
lloyd	O
,	O
matthew	O
maynard	O
,	O
ronnie	O
irani	O
,	O
adam	O
hollioake	O
,	O
robert	O
croft	O
,	O
darren	O
gough	O
,	O
peter	O
martin	O
,	O
dean	O
headley	O
,	O
alan	O
mullally	O
.	O

soccer	O
-	O
hungary	O
first	O
division	O
results	O
/	O
standings	O
.	O

-docstart-	O

bonds	O
has	O
been	O
limited	O
to	O
a	O
pinch-hitting	O
role	O
since	O
an	O
mri	O
friday	O
showed	O
a	O
mild	O
strain	O
of	O
his	O
left	O
hamstring	O
.	O

nathalie	O
tauziat	O
(	O
france	O
)	O
beat	O
angelica	O
gavaldon	O
(	O
mexico	O
)	O
7-6	O
(	O
7-4	O
)	O
6-2	O

-docstart-	O

the	O
sec	S-ORG
dropped	O
a	O
third	O
proposal	O
that	O
would	O
have	O
allowed	O
investors	O
with	O
market	O
orders	O
to	O
trade	O
at	O
a	O
better	O
price	O
if	O
there	O
were	O
shifts	O
in	O
prices	O
before	O
their	O
orders	O
were	O
executed	O
.	O

cecil	O
mamiit	O
(	O
u.s.	O
)	O
vs.	O
alberto	O
berasategui	O
(	O
spain	O
)	O

sv	B-ORG
salzburg	E-ORG
5	O
3	O
2	O
0	O
4	O
1	O
11	O

wellington	O
1996-08-26	O

the	O
outcome	O
was	O
a	O
rebuff	O
for	O
meri	O
,	O
failing	O
three	O
times	O
to	O
win	O
backing	O
in	O
his	O
bid	O
for	O
a	O
second	O
term	O
as	O
head	O
of	O
state	O
of	O
the	O
former	O
soviet	O
republic	O
.	O

az	B-ORG
alkmaar	E-ORG
2	O
0	O
1	O
1	O
0	O
2	O
1	O

-	O
a	O
cabinet	O
minister	O
:	O
"	O
lebanon	B-ORG
first	E-ORG
"	O
aims	O
at	O
splitting	O
the	O
syrian-lebanese	O
peace	O
tracks	O
with	O
israel	O
.	O

a	O
spokeswoman	O
for	O
christie	O
said	O
the	O
former	O
olympic	O
100	O
metres	O
champion	O
had	O
agreed	O
to	O
captain	O
a	O
quality	O
quartet	O
which	O
also	O
includes	O
canada	O
's	O
donovan	O
bailey	O
,	O
the	O
current	O
olympic	O
champion	O
and	O
world	O
record	O
holder	O
,	O
and	O
namibian	O
frankie	O
fredericks	O
.	O

halftime	O
1-0	O
.	O

cincinnati	S-ORG
64	O
65	O
.496	O
5	O

the	O
egyptair	S-ORG
pilot	O
blamed	O
turkish	O
airport	O
staff	O
for	O
misleading	O
him	O
.	O

ethiopia	O
needed	O
a	O
penalty	O
shoot-out	O
in	O
addis	O
ababa	O
to	O
overcome	O
uganda	O
after	O
a	O
2-2	O
aggregate	O
scoreline	O
.	O

nijmeh	S-ORG
of	O
lebanon	O
beat	O
nasr	S-ORG
of	O
saudi	O
arabia	O
1-0	O
(	O
halftime	O
1-0	O
)	O
in	O
their	O
asian	O
club	O
championship	O
second	O
round	O
first	O
leg	O
tie	O
on	O
saturday	O
.	O

8.	O
martin	O
keino	O
(	O
kenya	O
)	O
7:38.88	O

armoured	O
cars	O
had	O
patrolled	O
streets	O
in	O
karak	O
,	O
traditional	O
bastion	O
of	O
communist	O
ideology	O
and	O
baath	O
socialism	O
that	O
swept	O
the	O
region	O
in	O
the	O
1950s	O
,	O
and	O
guarded	O
entrances	O
to	O
the	O
hill-top	O
city	O
famed	O
for	O
its	O
crusader	O
castle	O
before	O
the	O
prayers	O
.	O

washington	O
would	O
also	O
take	O
"	O
prompt	O
and	O
effective	O
law	O
enforcement	O
action	O
"	O
against	O
alien	O
smuggling	O
and	O
hijackings	O
from	O
cuba	O
,	O
it	O
added	O
.	O

-docstart-	O

she	O
will	O
be	O
accompanied	O
by	O
several	O
officials	O
who	O
will	O
sign	O
a	O
cultural	O
agreement	O
with	O
south	O
africa	O
,	O
where	O
the	O
dutch	O
were	O
the	O
first	O
european	O
settlers	O
in	O
1652	O
.	O

dr	O
andrew	O
wakefield	O
of	O
the	O
royal	O
free	O
hospital	O
school	O
of	O
medicine	O
and	O
colleagues	O
screened	O
25,000	O
babies	O
delivered	O
at	O
university	O
hospital	O
,	O
uppsala	O
,	O
between	O
1940	O
and	O
1949	O
.	O

better-than-expected	O
british	O
trade	O
figures	O
had	O
little	O
impact	O
on	O
equities	O
.	O

north	B-ORG
sydney	E-ORG
46	O
south	B-ORG
sydney	E-ORG
4	O

estonia	O
assembly	O
fails	O
to	O
elect	O
state	O
president	O
.	O

with	O
her	O
husband	O
james	O
sitting	O
in	O
a	O
wheelchair	O
to	O
the	O
side	O
of	O
the	O
podium	O
,	O
mrs.	O
brady	O
called	O
the	O
handgun	O
control	O
bill	O
that	O
a	O
democratic	O
congress	S-ORG
passed	O
and	O
clinton	O
signed	O
in	O
1994	O
a	O
major	O
step	O
in	O
controlling	O
firearm	O
violence	O
in	O
the	O
united	O
states	O
.	O

boston	S-ORG
8	O
seattle	S-ORG
5	O

saturday	O
,	O
august	O
24th	O
schedule	O

minneapolis	O
5.06	O
up	O
.02	O
5.75	O
unc	O
--	O
--	O

-docstart-	O

a.	O
mullally	O
b	O
wasim	O
akram	O
24	O

clinton	O
arrives	O
in	O
chicago	O
on	O
day	O
of	O
re-nomination	O
.	O

alloa	S-ORG
1	O
arbroath	S-ORG
1	O

racing	B-ORG
club	E-ORG
0	O
rosario	B-ORG
central	E-ORG
2	O

press	O
digest	O
-	O
greece	O
-	O
aug	O
28	O
.	O

freiburg	S-ORG
3	O
1	O
0	O
2	O
5	O
10	O
3	O

they	O
are	O
idiots	O
to	O
have	O
started	O
the	O
jerusalem	O
battle	O
,	O
"	O
arafat	O
said	O
in	O
arabic	O
.	O
"	O

"	O
i	O
made	O
some	O
bad	O
pitches	O
at	O
the	O
end	O
but	O
i	O
'm	O
not	O
going	O
to	O
dwell	O
on	O
it	O
.	O

banc	B-ORG
one	I-ORG
capital	I-ORG
corporation	E-ORG

chicago	O
1996-08-27	O

to	O
provide	O
for	O
the	O
settlements	O
,	O
first	B-ORG
union	E-ORG
has	O
established	O
a	O
common	O
fund	O
of	O
$	O
4.7	O
million	O
for	O
cash	O
refunds	O
and	O
$	O
19.4	O
million	O
in	O
credit	O
refunds	O
for	O
outstanding	O
cpi	O
balances	O
.	O

soccer	O
match	O
played	O
on	O
tuesday	O
:	O

hanover	O
,	O
germany	O
1996-08-27	O

israeli	O
president	O
ezer	O
weizman	O
,	O
weighing	O
a	O
possible	O
meeting	O
with	O
yasser	O
arafat	O
,	O
consulted	O
on	O
sunday	O
with	O
prime	O
minister	O
benjamin	O
netanyahu	O
,	O
a	O
spokesman	O
said	O
.	O

msv	B-ORG
duisberg	E-ORG
0	O
bayern	B-ORG
munich	E-ORG
4	O
(	O
klinsmann	O
15th	O
,	O
zieger	O
24th	O
and	O

we	O
had	O
very	O
little	O
food	O
and	O
sometimes	O
went	O
two	O
or	O
three	O
days	O
without	O
eating	O
.	O
"	O

major	O
suppliers	O
:	O

at	O
colorado	O
,	O
hal	O
morris	O
and	O
eric	O
davis	O
each	O
homered	O
and	O
john	O
smiley	O
scattered	O
six	O
hits	O
over	O
6	O
2/3	O
innings	O
as	O
the	O
cincinnati	B-ORG
reds	E-ORG
defeated	O
the	O
colorado	B-ORG
rockies	E-ORG
4-3	O
,	O
snapping	O
a	O
four-game	O
losing	O
streak	O
.	O

tekstilshchik	B-ORG
kamyshin	E-ORG
25	O
3	O
9	O
13	O
15	O
30	O
18	O

-docstart-	O

algerian	O
security	O
forces	O
said	O
on	O
friday	O
three	O
women	O
and	O
two	O
children	O
were	O
killed	O
and	O
five	O
people	O
wounded	O
when	O
a	O
home-made	O
bomb	O
exploded	O
at	O
a	O
market	O
in	O
the	O
coastal	O
town	O
of	O
bou	O
haroun	O
,	O
65	O
km	O
(	O
40	O
miles	O
)	O
west	O
of	O
algiers	O
.	O

jiul	B-ORG
petrosani	E-ORG
,	O
promoted	O
to	O
the	O
first	O
division	O
this	O
year	O
,	O
won	O
the	O
league	O
game	O
1-0	O
.	O

they	O
are	O
making	O
their	O
first	O
visit	O
to	O
the	O
island	O
since	O
boycotting	O
a	O
world	O
cup	O
fixture	O
in	O
february	O
because	O
of	O
fears	O
over	O
ethnic	O
violence	O
.	O

9.	O
footwork	O
1	O

donna	O
sells	O

the	O
club	O
,	O
founded	O
in	O
1961	O
,	O
has	O
a	O
loyal	O
following	O
in	O
taibe	O
,	O
an	O
arab	O
town	O
of	O
28,000	O
in	O
the	O
heart	O
of	O
israel	O
.	O

india	O
's	O
home	O
(	O
interior	O
)	O
minister	O
accused	O
pakistan	O
on	O
on	O
thursday	O
of	O
planning	O
to	O
disrupt	O
state	O
elections	O
in	O
troubled	O
jammu	O
and	O
kashmir	O
state	O
.	O

chicago	S-ORG
63	O
64	O
.496	O
4	O
1/2	O

teemu	O
selanne	O
(	O
11th	O
)	O
,	O
jyrki	O
lumme	O
(	O
13th	O
and	O
51st	O
)	O
,	O
janne	O
ojanen	O

london	S-ORG
21	O
11	O
1	O
9	O
555	O
462	O
23	O

pro	O
forma	O
weighted	O
average	O

indonesia	O
's	O
central	O
bank	O
suffered	O
seven	O
billion	O
rupiah	O
(	O
$	O
2.9	O
million	O
)	O
in	O
losses	O
resulting	O
from	O
fake	O
transactions	O
,	O
the	O
jakarta	B-ORG
post	E-ORG
reported	O
on	O
tuesday	O
.	O

we	O
have	O
n't	O
felt	O
a	O
drop-off	O
in	O
demand	O
....	O

1.	O
silvio	O
martinelli	O
-	O
marco	O
villa	O
(	O
italy	O
)	O
34	O
points	O
,	O
in	O
a	O

fall	O
of	O
wickets	O
:	O
1-48	O
2-92	O
3-167	O
4-230	O
5-240	O
6-242	O
7-263	O

cup	O
holders	O
fiorentina	S-ORG
easily	O
beat	O
cosenza	S-ORG
3-1	O
while	O
european	O
cup	O
holders	O
juventus	S-ORG
also	O
cruised	O
through	O
with	O
a	O
2-0	O
win	O
at	O
small	O
southern	O
club	O
fidelis	B-ORG
andria	E-ORG
.	O

conversion	O
:	O
stranksy	O
.	O

what	O
would	O
wisconsin	O
face	O
if	O
the	O
same	O
extremist	O
coalition	O
,	O
the	O
gingrich	B-ORG
/	I-ORG
dole	I-ORG
congress	E-ORG
,	O
also	O
controlled	O
the	O
executive	O
branch	O
?	O
"	O

3/4	O
-	O
qiang	O
hong	O
/	O
liu	O
lu	O
(	O
china	O
)	O
10-15	O
17-14	O
17-16	O

saeed	O
anwar	O
c	O
mullally	O
b	O
irani	O
57	O

men	O
's	O
singles	O
,	O
first	O
round	O

8.	O
lasse	O
lampi	O
(	O
finland	O
)	O
mitsubishi	O
lancer	O
12:01	O

in	O
siauliai	O
:	O
kareda	B-ORG
siauliai	E-ORG
(	O
lithuania	O
)	O
0	O
sion	S-ORG

u.s.	O
lauds	O
russian-chechen	O
deal	O
.	O

ravanelli	O
aggravated	O
a	O
foot	O
injury	O
in	O
the	O
1-0	O
defeat	O
at	O
chelsea	S-ORG
on	O
wednesday	O
and	O
was	O
given	O
only	O
an	O
even	O
chance	O
of	O
playing	O
at	O
nottingham	O
forest	O
on	O
saturday	O
by	O
his	O
manager	O
bryan	O
robson	O
.	O

anyang	S-ORG
0	O
2	O
0	O
5	O
5	O
2	O

attendance	O
:	O
10,000	O
.	O

canada	O
's	O
minister	O
of	O
foreign	O
affairs	O
lloyd	O
axworthy	O
said	O
after	O
meeting	O
hong	O
kong	O
gov	O
.	O

note	O
-	O
airport	B-ORG
facilities	I-ORG
co	I-ORG
ltd	E-ORG
manages	O
and	O
rents	O
facilities	O
at	O
haneda	O
(	O
tokyo	O
)	O
and	O
itami	O
(	O
osaka	O
)	O
airports	O
.	O

iraq	O

3.	O
jacques	O
villeneuve	O
(	O
canada	O
)	O
williams	S-ORG
1:54.443	O

last	O
week	O
's	O
submissions	O
to	O
the	O
commission	O
by	O
the	O
anc	S-ORG
,	O
de	O
klerk	O
's	O
national	B-ORG
party	E-ORG
and	O
the	O
right-wing	O
freedom	B-ORG
front	E-ORG
of	O
general	O
constand	O
viljoen	O
left	O
many	O
south	O
africans	O
unsatisfied	O
.	O

cologne	S-ORG
0	O
hansa	B-ORG
rostock	E-ORG
2	O
(	O
akpoborie	O
5th	O
and	O
59th	O
)	O
.	O

jerusalem	O
1996-08-25	O

bangkok	O
1996-08-29	O

three	O
members	O
of	O
the	O
party	O
were	O
rescued	O
unhurt	O
.	O

she	O
said	O
the	O
cost	O
of	O
such	O
unimported	O
goods	O
was	O
$	O
1.10	O
billion	O
in	O
1995	O
.	O

division	O
b	O

we	O
urge	O
both	O
sides	O
to	O
continue	O
their	O
dialogue	O
aimed	O
at	O
reaching	O
a	O
political	O
settlement	O
"	O
of	O
the	O
20-month	O
conflict	O
between	O
russian	O
troops	O
and	O
chechen	O
rebels	O
,	O
state	B-ORG
department	E-ORG
spokesman	O
glyn	O
davies	O
said	O
.	O

soccer	O
-	O
romanian	O
first	O
division	O
results	O
/	O
standings	O
.	O

baltimore	O
has	O
won	O
seven	O
of	O
nine	O
and	O
16	O
of	O
its	O
last	O
22	O
and	O
cut	O
the	O
yankees	S-ORG
'	O
lead	O
in	O
the	O
a.l.	O
east	O
to	O
five	O
games	O
.	O

-docstart-	O

s&p	S-ORG
=	O
denoms	O
(	O
k	O
)	O
1-10-100	O
sale	O
limits	O
us	O
/	O
uk	O
/	O
ca	O

soccer	O
-	O
summaries	O
of	O
german	O
first	O
division	O
matches	O
.	O

muratovic	O
is	O
also	O
due	O
to	O
meet	O
with	O
president	O
suleyman	O
demirel	O
,	O
foreign	O
minister	O
tansu	O
ciller	O
and	O
turkish	O
businessman	O
,	O
the	O
ministry	O
official	O
said	O
.	O

britain	O
's	O
chris	O
boardman	O
broke	O
the	O
world	O
4,000	O
metres	O
cycling	O
record	O
by	O
more	O
than	O
six	O
seconds	O
at	O
the	O
world	O
championships	O
on	O
wednesday	O
.	O

krzysztof	O
zagorski	O
(	O
odra	S-ORG
)	O

re	O
:	O
$	O
70,375,000	O

baseball	O
-	O
cubs	S-ORG
edge	O
braves	S-ORG
with	O
run	O
in	O
top	O
of	O
ninth	O
.	O

york	S-ORG
3	O
millwall	S-ORG
2	O

only	O
some	O
take	O
money	O
,	O
"	O
sri	O
lankan	O
boatman	O
chinnathambi	O
said	O
.	O

washington	O
1996-08-27	O

blackburn	S-ORG
3	O
0	O
1	O
2	O
2	O
5	O
1	O

hansa	B-ORG
rostock	E-ORG
0	O
hamburg	S-ORG
1	O

