"	O
commander	O
nuour	O
marial	O
is	O
a	O
soldier	O
so	O
he	O
must	O
accept	O
the	O
leadership	O
's	O
decision	O
.	O

fremantle	O
21	O
6	O
0	O
15	O
1673	O
1912	O
87.5	O
24	O

-docstart-	O

men	O
's	O
200	O
metres	O

the	O
brazilian	S-MISC
senate	O
wednesday	O
agreed	O
to	O
shelve	O
a	O
bill	O
linking	O
the	O
privatization	O
of	O
mining	O
conglomerate	O
vale	O
do	O
rio	O
doce	O
to	O
congressional	O
approval	O
,	O
officials	O
said	O
.	O

french	S-MISC
shipyard	O
workers	O
march	O
against	O
job	O
cuts	O
.	O

harare	O
1996-08-24	O

one	O
feature	O
of	O
the	O
java	S-MISC
language	O
is	O
that	O
small	O
software	O
programmes	O
,	O
known	O
as	O
"	O
applets	O
"	O
because	O
they	O
are	O
small	O
applications	O
,	O
can	O
be	O
downloaded	O
from	O
the	O
server	O
computers	O
at	O
the	O
centre	O
of	O
networks	O
onto	O
individual	O
computers	O
for	O
use	O
.	O

he	O
could	O
face	O
up	O
to	O
five	O
years	O
in	O
jail	O
if	O
convicted	O
.	O

-	O
government	O
asks	O
senior	O
iraqi	S-MISC
"	O
diplomat	O
"	O
to	O
leave	O
,	O
reviews	O
status	O
of	O
others	O
.	O

the	O
socialist	O
cfdt	O
union	O
warned	O
of	O
"	O
tension	O
and	O
conflict	O
"	O
when	O
france	O
returns	O
to	O
work	O
after	O
the	O
summer	O
break	O
and	O
called	O
for	O
a	O
drive	O
to	O
create	O
up	O
to	O
500,000	O
jobs	O
in	O
nine	O
months	O
.	O

cologne	O
4	O
3	O
0	O
1	O
7	O
3	O
9	O

70	O
71	O
74	O

batkivshchyna	O
collective	O
farm	O
,	O
ukraine	O
1996-08-26	O

6-1	O
3-6	O
7-5	O
6-3	O

"	O
he	O
played	O
a	O
good	O
match	O
,	O
took	O
a	O
few	O
chances	O
,	O
and	O
every	O
time	O
he	O
was	O
down	O
he	O
was	O
able	O
to	O
come	O
up	O
with	O
a	O
big	O
first	O
serve	O
.	O
"	O

netanyahu	O
met	O
weizman	O
last	O
tuesday	O
and	O
voiced	O
his	O
opposition	O
,	O
yedioth	O
said	O
.	O

martin	O
was	O
pleased	O
with	O
his	O
victory	O
over	O
pioline	O
,	O
his	O
first	O
in	O
five	O
meetings	O
with	O
the	O
11th-ranked	O
frenchman	S-MISC
.	O
"	O

asked	O
if	O
a	O
supplementary	O
budget	O
for	O
1996/97	O
was	O
needed	O
to	O
support	O
the	O
economy	O
,	O
kubo	O
said	O
the	O
tankan	O
results	O
would	O
not	O
lead	O
to	O
any	O
immediate	O
decision	O
on	O
the	O
need	O
for	O
an	O
extra	O
budget	O
.	O

1996-08-22	O

when	O
five	O
former	O
olympic	S-MISC
100	O
champions	O
from	O
1948	O
to	O
1980	O
,	O
who	O
have	O
been	O
invited	O
to	O
watch	O
the	O
race	O
,	O
turned	O
up	O
at	O
a	O
news	O
conference	O
on	O
thursday	O
,	O
christie	O
was	O
quick	O
to	O
put	O
his	O
autograph	O
book	O
in	O
front	O
of	O
the	O
them	O
.	O

johnny	O
herbert	O
(	O
britain	O
)	O
sauber	O

italians	S-MISC
hold	O
hiv-pensioner	S-MISC
for	O
harassing	O
hookers	O
.	O

fremantle	O
21	O
6	O
0	O
15	O
1673	O
1912	O
87.5	O
24	O

5.	O
kenneth	O
eriksson	O
(	O
sweden	O
)	O
subaru	B-MISC
impreza	E-MISC
3:22	O

baseball	O
-	O
major	B-MISC
league	E-MISC
standings	O
after	O
wednesday	O
's	O
games	O
.	O

rating	O
announcement	O
as	O
of	O
08/23/96	O
.	O

but	O
others	O
,	O
such	O
as	O
self-confessed	O
secret	O
police	O
hit-squad	O
leader	O
dirk	O
coetzee	O
,	O
have	O
yet	O
to	O
testify	O
.	O

cincinnati	O
65	O
67	O
.492	O
6	O

women	O
's	O
400	O
metres	O

portsmouth	O
2	O
0	O
0	O
2	O
2	O
5	O
0	O

-	O
president	O
dos	O
santos	O
proposes	O
the	O
establishment	O
by	O
un	O
security	O
council	O
of	O
definitive	O
and	O
final	O
timetable	O
for	O
the	O
tasks	O
and	O
obligations	O
under	O
the	O
lusaka	B-MISC
agreement	E-MISC
and	O
the	O
sending	O
of	O
a	O
mission	O
of	O
sc	O
,	O
as	O
soon	O
as	O
possible	O
,	O
to	O
supervise	O
the	O
execution	O
of	O
the	O
agreement	O
.	O

2.	O
khalid	O
boulami	O
(	O
morocco	O
)	O
7:31.65	O

grand	O
total	O
:	O
290m	O

women	O
's	O
1,500	O
metres	O

-docstart-	O

for	O
,	O
goals	O
against	O
,	O
points	O
)	O
:	O

fiorentina	O
-	O
gabriel	O
batistuta	O
(	O
11th	O
,	O
83rd	O
)	O

mother	O
teresa	O
was	O
born	O
agnes	O
goinxha	O
bejaxhiu	O
to	O
albanian	S-MISC
parents	O
in	O
skopje	O
,	O
in	O
what	O
was	O
then	O
serbia	O
,	O
on	O
august	O
27	O
,	O
1910	O
.	O

anyang	O
0	O
3	O
1	O
6	O
9	O
3	O

athletics	O
-	O
mitchell	O
upstages	O
trio	O
of	O
olympic	S-MISC
sprint	O
champions	O
.	O

mds	O
this	O
year	O
lost	O
its	O
president	O
and	O
vice-president	O
,	O
both	O
of	O
whom	O
were	O
tried	O
and	O
given	O
jail	O
sentences	O
.	O

we	O
should	O
,	O
as	O
president	O
clinton	O
proposed	O
today	O
,	O
stop	O
people	O
convicted	O
of	O
domestic	O
violence	O
from	O
buying	O
a	O
handgun	O
.	O

karol	O
kucera	O
(	O
slovakia	O
)	O
beat	O
1	O
-	O
michael	O
chang	O
(	O
u.s.	O
)	O
6-4	O
6-4	O

accusing	O
israeli	S-MISC
prime	O
minister	O
benjamin	O
netanyahu	O
of	O
stupidity	O
,	O
arafat	O
launched	O
his	O
strongest	O
attack	O
on	O
the	O
right-wing	O
government	O
since	O
its	O
election	O
in	O
may	O
.	O

played	O
on	O
tuesday	O
.	O

*	O
philip	O
morris	O
cos	O
inc	O
raises	O
dividend	O
20	O
percent	O
.	O

almost	O
no	O
chance	O
at	O
all	O
for	O
any	O
complete	O
ticket	O
to	O
win	O
altogether	O
and	O
the	O
results	O
will	O
weaken	O
some	O
leaders	O
.	O

2.	O
john	O
mayock	O
(	O
britain	O
)	O
3:54.60	O

unsecured	O
claims	O
are	O
estimated	O
at	O
about	O
$	O
90	O
million	O
.	O

after	O
two	O
seasons	O
in	O
the	O
second	O
division	O
and	O
after	O
taking	O
on	O
half	O
a	O
dozen	O
new	O
recruits	O
this	O
season	O
,	O
some	O
of	O
whom	O
do	O
not	O
speak	O
a	O
word	O
of	O
french	S-MISC
,	O
marseille	O
are	O
not	O
playing	O
with	O
any	O
fluidity	O
.	O

gaceta	O
de	O
los	O
negocios	O

china	O
's	O
president	O
jiang	O
zemin	O
offered	O
his	O
gratitude	O
in	O
a	O
meeting	O
on	O
monday	O
with	O
visiting	O
gabon	O
president	O
omar	O
bongo	O
,	O
the	O
official	O
xinhua	O
news	O
agency	O
said	O
.	O

2.	O
samuel	O
matete	O
(	O
zambia	O
)	O
47.99	O

the	O
island	O

tennis	O
-	O
injured	O
chanda	O
rubin	O
out	O
of	O
u.s.	B-MISC
open	E-MISC
.	O

the	O
bosnian	S-MISC
election	O
is	O
set	O
for	O
september	O
14	O
and	O
voting	O
began	O
on	O
wednesday	O
for	O
most	O
of	O
the	O
600,000	O
bosnians	S-MISC
living	O
abroad	O
.	O

-docstart-	O

belchatow	O
,	O
poland	O
1996-08-27	O

the	O
party	O
is	O
running	O
on	O
a	O
platform	O
claiming	O
it	O
can	O
ward	O
off	O
problems	O
before	O
they	O
occur	O
through	O
techniques	O
such	O
as	O
mass	O
meditation	O
that	O
would	O
reduce	O
stress	O
,	O
crime	O
,	O
terrorism	O
and	O
even	O
wars	O
.	O

"	O
i	O
got	O
a	O
lot	O
of	O
first	O
serves	O
in	O
,	O
"	O
said	O
enqvist	O
about	O
his	O
victory	O
over	O
korda	O
.	O
"	O

they	O
reported	O
more	O
arrivals	O
that	O
were	O
probably	O
spot	O
purchases	O
.	O

the	O
ltte	O
(	O
liberation	O
tigers	O
of	O
tamil	O
eelam	O
)	O
accosts	O
us	O
and	O
,	O
at	O
the	O
point	O
of	O
a	O
gun	O
,	O
forces	O
us	O
to	O
take	O
refugees	O
,	O
"	O
said	O
senior	O
fishermen	O
leader	O
p.	O
arulanandam	O
.	O

in	O
baltimore	O
,	O
don	O
wengert	O
threw	O
a	O
nine-hitter	O
for	O
his	O
first	O
shutout	O
and	O
jose	O
herrera	O
had	O
a	O
two-run	O
double	O
in	O
a	O
three-run	O
fifth	O
inning	O
as	O
the	O
oakland	O
athletics	O
blanked	O
the	O
baltimore	O
orioles	O
3-0	O
.	O

sampras	O
opens	O
the	O
defence	O
of	O
his	O
u.s.	B-MISC
open	E-MISC
crown	O
against	O
david	O
rikl	O
of	O
the	O
czech	O
republic	O
,	O
while	O
top-ranked	O
graf	O
begins	O
her	O
title	O
defence	O
against	O
yayuk	O
basuki	O
of	O
indonesia	O
.	O

alcan	O
aluminum	O
,	O
u.s.	O
midwest	O
(	O
effective	O
date	O
:	O
august	O
1	O
,	O
1996	O
)	O

brussels	O
1996-08-29	O

capt	O
.	O

and	O
that	O
is	O
impossible	O
.	O
"	O

gooch	O
,	O
who	O
retired	O
from	O
test	O
cricket	O
after	O
the	O
1994-95	O
tour	O
of	O
australia	O
but	O
is	O
now	O
an	O
england	O
selector	O
,	O
is	O
seventh	O
in	O
this	O
season	O
's	O
first-class	O
averages	O
with	O
1,429	O
runs	O
at	O
64.95	O
,	O
having	O
hit	O
five	O
centuries	O
and	O
one	O
double	O
century	O
.	O

add	O
hapoel	O
ironi	O
v	O
constructorul	O
chisinau	O

individuals	O
with	O
the	O
disease	O
have	O
a	O
non-working	O
version	O
of	O
a	O
gene	O
responsible	O
for	O
producing	O
a	O
crucial	O
muscle	O
protein	O
called	O
dystrophin	O
.	O

jobless	O
(	O
inem	O
)	O
jul	O
-	O
63,913	O
-	O
33,149	O
-	O
65,345	O
-	O
2.17m	O

hong	O
kong	O
police	O
regularly	O
catch	O
hundreds	O
of	O
illegal	O
immigrants	O
and	O
people	O
who	O
have	O
overstayed	O
their	O
visas	O
from	O
mainland	O
china	O
and	O
send	O
them	O
back	O
.	O

she	O
gave	O
no	O
further	O
details	O
.	O

-docstart-	O

6.	O
ftc	O
3	O
2	O
-	O
1	O
8	O
7	O
6	O

-docstart-	O

hong	O
kong	O
11,424.64	O
-	O
54.13	O
11,594.99	O
10,204.87	O

indicators	O
-	O
hungary	O
-	O
updated	O
aug	O
22	O
.	O

they	O
are	O
due	O
to	O
stand	O
trial	O
next	O
january	O
.	O

david	O
cowan	O
,	O
internet	O
startup	O
founder	O
and	O
acting	O
chief	O
executive	O
,	O
is	O
a	O
general	O
partner	O
of	O
bessemer	O
.	O

she	O
played	O
one	O
great	O
game	O
and	O
than	O
a	O
few	O
errors	O
.	O

mostostal	O
plans	O
to	O
use	O
the	O
proceeds	O
from	O
the	O
issues	O
to	O
add	O
companies	O
to	O
its	O
holding	O
and	O
modernise	O
its	O
plant	O
.	O

she	O
was	O
a	O
nurse	O
who	O
had	O
"	O
rapidly	O
progressing	O
multple	O
sclerosis	O
.	O
"	O

ballanger	O
,	O
25	O
,	O
will	O
be	O
aiming	O
to	O
complete	O
a	O
track	O
double	O
when	O
she	O
defends	O
her	O
500	O
metres	O
time	O
trial	O
title	O
on	O
saturday	O
.	O

monterrey	O
2	O
veracruz	O
1	O

"	O
however	O
,	O
it	O
certainly	O
is	O
a	O
very	O
pleasing	O
result	O
for	O
the	O
first	O
six	O
months	O
,	O
"	O
he	O
said	O
.	O

markets	O
:	O

indonesia	O
55,000-b	O

summary	O
of	O
consolidated	O
financial	O
data	O

tour	O
maltch	O
on	O
tuesday	O
.	O

mark	O
mouland	O

arafat	O
subsequently	O
cancelled	O
a	O
meeting	O
between	O
israeli	S-MISC
and	O
plo	O
officials	O
,	O
on	O
civilian	O
affairs	O
,	O
at	O
the	O
allenby	O
bridge	O
crossing	O
between	O
jordan	O
and	O
the	O
west	O
bank	O
.	O

1.	O
jacques	O
villeneuve	O
(	O
canada	O
)	O
williams	O
1	O
minute	O
50.574	O

subject	O
to	O
limit	O
5,124.053	O
5,122.084	O

south	O
,	O
dumbarton	O
v	O
brechin	O
,	O
livingston	O
v	O
hamilton	O
,	O
stenhousemuir	O

aberdeen	O
v	O
hearts	O

squad	O
:	O
hansie	O
cronje	O
(	O
captain	O
)	O
,	O
craig	O
matthews	O
(	O
vice-captain	O
)	O
,	O
dave	O
richardson	O
,	O
brian	O
mcmillan	O
,	O
gary	O
kirsten	O
,	O
andrew	O
hudson	O
,	O
pat	O
symcox	O
,	O
jonty	O
rhodes	O
,	O
allan	O
donald	O
,	O
fanie	O
de	O
villiers	O
,	O
daryll	O
cullinan	O
,	O
derek	O
crookes	O
,	O
herschelle	O
gibs	O
,	O
nicky	O
boje	O
.	O

kekkila	O
sees	O
full-yr	O
1996	O
profit	O
vs	O
loss	O
.	O

s.	O
korea	O
asked	O
to	O
stop	O
china-bound	S-MISC
missionaries	O
.	O

melbourne	O
1996-08-26	O

civil	O
servants	O
earn	O
on	O
average	O
z$	S-MISC
1,000	O
(	O
$	O
100	O
)	O
a	O
month	O
.	O

ties	O
between	O
the	O
two	O
neighbours	O
,	O
strained	O
also	O
over	O
a	O
military	O
accord	O
between	O
turkey	O
and	O
israel	O
which	O
drew	O
strong	O
iranian	S-MISC
objections	O
,	O
have	O
improved	O
since	O
islamist	S-MISC
necmettin	O
erbakan	O
took	O
over	O
as	O
turkish	S-MISC
prime	O
minister	O
in	O
june	O
.	O

taxable	O
health	O
deal	O
rated	O
aa2	O
/	O
vmig-1	O
-	O
moody	O
's	O
.	O

-docstart-	O

9.	O
corser	O
38:42.015	O

the	O
orioles	O
trailed	O
4-3	O
when	O
pinch-hitter	O
mike	O
devereaux	O
led	O
off	O
the	O
sixth	O
with	O
a	O
triple	O
against	O
reliever	O
kyle	O
abbott	O
(	O
0-1	O
)	O
and	O
scored	O
the	O
tying	O
run	O
on	O
alomar	O
's	O
single	O
.	O

tokyo	O
nikkei	S-MISC
average	O
--	O
38,915.87	O
(	O
dec	O
29/89	O
)	O

that	O
is	O
to	O
end	O
the	O
state	O
of	O
hostility	O
,	O
"	O
thursday	O
's	O
overseas	O
edition	O
of	O
the	O
people	O
's	O
daily	O
quoted	O
tang	O
as	O
saying	O
.	O

what	O
it	O
comes	O
down	O
to	O
is	O
this	O
:	O
if	O
you	O
're	O
highly	O
skilled	O
,	O
you	O
'll	O
benefit	O
nicely	O
.	O

human	O
rights	O
workers	O
say	O
serbian	S-MISC
and	O
bosnian	B-MISC
serb	E-MISC
authorities	O
coerced	O
refugees	O
to	O
register	O
only	O
in	O
serb-held	S-MISC
territory	O
in	O
bosnia	O
to	O
solidify	O
the	O
results	O
of	O
wartime	O
expulsions	O
and	O
military	O
conquest	O
.	O

in	O
a	O
few	O
years	O
,	O
it	O
could	O
change	O
a	O
lot	O
among	O
the	O
top	O
players	O
.	O
"	O

premiership	O
standings	O
(	O
tabulate	O
under	O
played	O
,	O
won	O
,	O
drawn	O
,	O

--	O
london	O
newsroom	O
+44	O
171	O
542	O
7950	O

hopefully	O
that	O
's	O
not	O
going	O
to	O
happen	O
this	O
year	O
.	O
"	O

fowler	O
,	O
a	O
lawyer	O
and	O
former	O
senator	O
,	O
arrived	O
late	O
on	O
wednesday	O
,	O
the	O
embassy	O
said	O
in	O
a	O
statement	O
.	O

team	O
members	O
must	O
remain	O
within	O
100	O
yards	O
(	O
metres	O
)	O
of	O
each	O
other	O
at	O
all	O
times	O
and	O
finish	O
together	O
.	O

peru	O
's	O
guerrilla	O
conflicts	O
have	O
cost	O
at	O
least	O
30,000	O
lives	O
and	O
$	O
25	O
billion	O
in	O
damage	O
to	O
infrastructure	O
since	O
1980	O
.	O

1.	O
gerhard	O
berger	O
(	O
austria	O
)	O
benetton	O
1	O
minute	O
53.706	O
seconds	O

(	O
spain	O
)	O
,	O
david	O
carter	O

thailand	O
has	O
launched	O
a	O
manhunt	O
for	O
an	O
australian	S-MISC
who	O
escaped	O
from	O
a	O
high	O
security	O
prison	O
in	O
bangkok	O
while	O
awaiting	O
trial	O
on	O
drug	O
possession	O
charges	O
,	O
officials	O
said	O
on	O
thursday	O
.	O

1.	O
marcel	O
malone	O
(	O
u.s.	O
)	O
51.50	O

los	O
angeles	O
70	O
60	O
.538	O
1	O

will	O
go	O
to	O
(	O
jerusalem	O
's	O
)	O
al-aqsa	O
mosque	O
and	O
pray	O
.	O

total	O
(	O
for	O
no	O
wicket	O
)	O
74	O

-docstart-	O

texas	O
74	O
55	O
.574	O
-	O

wheat	O
/	O
barley	O
sale	O
-	O
the	O
japanese	O
food	O
agency	O
said	O
it	O
bought	O
20,000	O
tonnes	O
of	O
u.s.	O
dark	O
northern	O
spring	O
wheat	O
,	O
20,000	O
of	O
canadian	S-MISC
western	O
red	O
spring	O
wheat	O
,	O
20,000	O
of	O
australian	S-MISC
standard	O
white	O
wheat	O
and	O
20,000	O
of	O
australian	S-MISC
feed	O
barley	O
at	O
its	O
weekly	O
tender	O
,	O
all	O
for	O
october	O
shipment	O
.	O

but	O
gilbertson	O
said	O
the	O
greatest	O
gloom	O
in	O
the	O
year	O
came	O
from	O
the	O
european	O
commission	O
's	O
blocking	O
of	O
implats	O
'	O
proposed	O
merger	O
with	O
lonrho	O
plc	O
's	O
platinum	O
interests	O
.	O

mccurry	O
said	O
that	O
when	O
clinton	O
delivers	O
his	O
acceptance	O
address	O
on	O
thursday	O
night	O
to	O
fellow	O
democrats	S-MISC
and	O
a	O
national	O
television	O
audience	O
,	O
he	O
will	O
"	O
set	O
out	O
a	O
road	O
map	O
"	O
for	O
the	O
nation	O
's	O
future	O
--	O
one	O
the	O
president	O
hopes	O
guides	O
him	O
back	O
to	O
the	O
white	O
house	O
for	O
four	O
more	O
years	O
.	O

-docstart-	O

the	O
united	O
states	O
said	O
on	O
thursday	O
it	O
remained	O
committed	O
to	O
migration	O
accords	O
with	O
cuba	O
and	O
would	O
continue	O
to	O
repatriate	O
intercepted	O
cuban	S-MISC
migrants	O
who	O
attempted	O
to	O
enter	O
u.s.	O
territory	O
illegally	O
.	O

woosnam	O
70	O
76	O
,	O
miguel	O
angel	O
jimenez	O
(	O
spain	O
)	O
74	O
72	O
,	O
klas	O

this	O
is	O
the	O
leading	O
story	O
in	O
the	O
mozambican	S-MISC
press	O
on	O
monday	O
.	O

essex	O
13	O
7	O
2	O
4	O
45	O
43	O
212	O

northampton	O
,	O
england	O
1996-08-27	O

he	O
and	O
other	O
analysts	O
said	O
corporate	O
america	O
adopted	O
a	O
go-slow	O
approach	O
because	O
microsoft	O
already	O
was	O
promoting	O
the	O
new	O
version	O
of	O
its	O
high-end	O
windows	B-MISC
nt	E-MISC
operating	O
system	O
,	O
expected	O
to	O
be	O
available	O
in	O
stores	O
in	O
the	O
next	O
several	O
weeks	O
.	O

new	O
u.n.	O
relief	O
coordinator	O
arrives	O
in	O
iraq	O
.	O

soccer	O
matches	O
played	O
on	O
saturday	O
:	O

(	O
n.	O
fairbrother	O
86	O
,	O
m.	O
watkinson	O
64	O
;	O
d.	O
gough	O
4-53	O
)	O
and	O
210-5	O

a	O
federation	O
official	O
added	O
that	O
the	O
half-year	O
through	O
september	O
1996	O
also	O
appeared	O
likely	O
to	O
set	O
a	O
new	O
record	O
for	O
can	O
production	O
,	O
despite	O
cooler	O
temperatures	O
in	O
august	O
.	O

exercise	O
period	O
02.sep.96-21.nov.97	O
paydate	O
30.aug.96	O

15.	O
moldova	O
8.24	O

northampton	O
,	O
england	O
1996-08-30	O

44.	O
bulgaria	O
7.73	O

davenport	O
had	O
drawn	O
one	O
of	O
the	O
toughest	O
first-round	O
assignments	O
of	O
any	O
of	O
the	O
seeded	O
players	O
in	O
17th-ranked	O
karina	O
habsudova	O
of	O
slovakia	O
.	O

2.	O
ashia	O
hansen	O
(	O
britain	O
)	O
14.78	O

637.50	O
637.50	O
1626	O
1036.575	O

security	O
forces	O
also	O
arrested	O
four	O
other	O
men	O
sought	O
for	O
giving	O
support	O
to	O
the	O
slain	O
moslem	S-MISC
rebels	O
,	O
the	O
television	O
said	O
.	O

the	O
highlights	O
of	O
the	O
first	O
day	O
of	O
the	O
democratic	S-MISC
convention	O
on	O
monday	O
were	O
expected	O
to	O
feature	O
a	O
mix	O
of	O
party	O
leaders	O
and	O
people	O
who	O
have	O
overcome	O
adversity	O
.	O

moody	O
's	O
:	O
aa	O
s&p	O
:	O
aa+	O

goldman	O
sachs	O
sets	O
warrants	O
on	O
continental	O
.	O

seoul	O
embassies	O
warned	O
of	O
terrorist	O
attacks	O
.	O

"	O
these	O
rules	O
are	O
intended	O
to	O
empower	O
all	O
investors	O
,	O
by	O
allowing	O
their	O
orders	O
to	O
compete	O
on	O
a	O
level	O
playing	O
field	O
,	O
and	O
by	O
providing	O
the	O
disclosure	O
they	O
need	O
to	O
make	O
informed	O
decisions	O
,	O
"	O
said	O
sec	O
chairman	O
arthur	O
levitt	O
.	O

khan	O
,	O
mushtaq	O
ahmed	O
,	O
waqar	O
younis	O
,	O
mohammad	O
akam	O

sydney	O
1996-08-26	O

second	O
race	O

the	O
accident	O
was	O
being	O
investigated	O
,	O
police	O
added	O
.	O

both	O
meri	O
,	O
67	O
,	O
and	O
ruutel	O
,	O
68	O
will	O
automatically	O
be	O
listed	O
as	O
candidates	O
but	O
the	O
election	O
will	O
also	O
be	O
open	O
to	O
new	O
nominations	O
with	O
the	O
backing	O
of	O
any	O
21	O
members	O
of	O
the	O
college	O
.	O

30	O
year	O
a-rated	O
housing	O
rev	O
6.05	O
%	O
6.00	O
%	O
+0.05	O

iss	O
inc	O
senior	O
management	O
would	O
continue	O
to	O
run	O
the	O
business	O
under	O
the	O
new	O
owners	O
,	O
it	O
said	O
.	O

a	O
message	O
from	O
the	O
west	O
this	O
week	O
from	O
u.s.	O
president	O
bill	O
clinton	O
congratulated	O
ukraine	O
on	O
the	O
anniversary	O
,	O
promising	O
to	O
support	O
market	O
reforms	O
and	O
praising	O
ukraine	O
as	O
a	O
"	O
stabilising	O
factor	O
"	O
in	O
a	O
united	O
europe	O
.	O

3.	O
phylis	O
smith	O
(	O
britain	O
)	O
52.53	O

tonight	O
...	O

penn	O
treaty	O
terminates	O
acquisition	O
pact	O
.	O

soccer	O
match	O
played	O
on	O
saturday	O
:	O

leila	O
corcoran	O

bill	O
berkrot	O

texas	O
13	O
minnesota	O
2	O

67	O
jeff	O
hawksworth	O
,	O
padraig	O
harrington	O
(	O
ireland	O
)	O
,	O
michael	O

aoki	O
,	O
the	O
elder	O
brother	O
of	O
reigning	O
125cc	O
world	O
champion	O
haruchika	O
,	O
had	O
a	O
race-long	O
duel	O
with	O
john	O
kocinski	O
of	O
the	O
united	O
states	O
on	O
a	O
ducati	O
before	O
taking	O
the	O
chequered	O
flag	O
.	O

-docstart-	O

willem	O
ii	O
tilburg	O
0	O
fortuna	O
sittard	O
1	O
(	O
hamming	O
65th	O
)	O
.	O

1-0	O
.	O

pakistan	O
:	O
aamir	O
sohail	O
,	O
saeed	O
anwar	O
,	O
ijaz	O
ahmed	O
,	O

eight	O
of	O
the	O
rebels	O
were	O
killed	O
in	O
van	O
province	O
,	O
five	O
in	O
sirnak	O
and	O
four	O
in	O
hakkari	O
.	O

-docstart-	O

"	O
what	O
happened	O
is	O
history	O
.	O
"	O

jiang	O
also	O
acknowledged	O
the	O
central	B-MISC
african	E-MISC
nation	O
's	O
support	O
for	O
china	O
's	O
stance	O
on	O
taiwan	O
,	O
which	O
beijing	O
views	O
as	O
a	O
renegade	O
province	O
,	O
while	O
bongo	O
was	O
quoted	O
as	O
thanking	O
china	O
for	O
economic	O
and	O
technological	O
aid	O
,	O
the	O
agency	O
said	O
late	O
on	O
monday	O
.	O

london	O
1996-08-22	O

suspected	O
tamil	S-MISC
tigers	O
on	O
tuesday	O
hurled	O
hand	O
grenades	O
at	O
a	O
police	O
vehicle	O
in	O
a	O
crowded	O
market	O
in	O
the	O
army-controlled	O
northern	O
town	O
of	O
vavuniya	O
,	O
killing	O
at	O
least	O
two	O
policemen	O
.	O

1.	O
mary	O
onyali	O
(	O
nigeria	O
)	O
22.42	O
seconds	O

jul	O
31	O
,	O
1996	O
jan	O
31	O
,	O
1996	O

division	O
soccer	O
match	O
played	O
on	O
sunday	O
:	O

a	O
swiss	S-MISC
tourist	O
guide	O
and	O
a	O
german	S-MISC
tourist	O
were	O
kidnapped	O
in	O
the	O
same	O
area	O
on	O
new	B-MISC
year	I-MISC
's	I-MISC
day	E-MISC
by	O
a	O
group	O
of	O
former	O
nicaraguan	S-MISC
guerrillas	O
.	O

german	S-MISC
prosecutors	O
file	O
sex	O
tourism	O
charges	O
.	O

"	O
we	O
believe	O
that	O
our	O
country	O
will	O
be	O
reduced	O
to	O
nothing	O
if	O
the	O
khmer	O
people	O
continue	O
to	O
fight	O
against	O
each	O
other	O
indefinitely	O
....	O

the	O
names	S-MISC
had	O
been	O
scheduled	O
to	O
decide	O
whether	O
to	O
accept	O
or	O
reject	O
the	O
offer	O
by	O
1100	O
gmt	S-MISC
wednesday	O
,	O
but	O
lloyd	O
's	O
chairman	O
david	O
rowland	O
said	O
on	O
tuesday	O
the	O
offer	O
would	O
be	O
extended	O
.	O

76	O
71	O
,	O
paul	O
goydos	O
66	O
75	O
74	O
71	O
,	O
ernie	O
els	O
(	O
south	O
africa	O
)	O
71	O
71	O

he	O
said	O
the	O
sell-off	O
in	O
june	O
vols	O
might	O
have	O
been	O
overdone	O
,	O
which	O
could	O
offer	O
value	O
at	O
current	O
levels	O
.	O

3.	O
luigi	O
seguy	O
(	O
france	O
)	O
tm	O

-docstart-	O

dick	O
morris	O
,	O
the	O
republican	S-MISC
political	O
consultant	O
who	O
reshaped	O
u.s.	O
president	O
bill	O
clinton	O
's	O
reelection	O
campaign	O
,	O
has	O
resigned	O
,	O
ms-nbc	B-MISC
news	E-MISC
reported	O
thursday	O
.	O

zenith	O
will	O
convert	O
its	O
chihuahua	O
,	O
mexico	O
,	O
analogue	O
set-top	O
box	O
plant	O
to	O
manufacture	O
the	O
digital	O
boxes	O
.	O

11.	O
johnny	O
herbert	O
(	O
britain	O
)	O
sauber	O
1:56.318	O

the	O
dhaka	O
stock	O
exchange	O
(	O
dse	O
)	O
all-share	O
price	O
index	O
rose	O
8.05	O
points	O
or	O
0.7	O
percent	O
to	O
1,156.79	O
on	O
a	O
turnover	O
of	O
146.2	O
million	O
taka	O
.	O

g.	O
lloyd	O
not	O
out	O
2	O

it	O
said	O
investigators	O
believed	O
stevanin	O
had	O
suffocated	O
them	O
by	O
putting	O
plastic	O
bags	O
on	O
their	O
heads	O
.	O

montreal	O
70	O
59	O
.543	O
11	O

doctor	O
emanuil	O
ceausu	O
,	O
head	O
of	O
bucharest	O
's	O
victor	O
babes	O
hospital	O
for	O
infectious	O
diseases	O
,	O
said	O
the	O
epidemic	O
had	O
been	O
caused	O
by	O
a	O
virus	O
yet	O
to	O
be	O
identified	O
.	O

2.	O
steve	O
brown	O
(	O
u.s.	O
)	O
13.45	O

two	O
cup	O
matches	O
could	O
not	O
be	O
played	O
on	O
wednesday	O
due	O
to	O
argument	O
over	O
first	O
round	O
results	O
.	O

but	O
this	O
is	O
not	O
something	O
we	O
are	O
striving	O
to	O
do	O
.	O
"	O

vorskla	O
poltava	O
2	O
nyva	O
ternopil	O
1	O

western	B-MISC
division	E-MISC

portsmouth	O
:	O
middlesex	O
199	O
and	O
226-1	O
(	O
j.	O
pooley	O
106	O
not	O
out	O
,	O
m.	O
ramprakash	O
81	O
not	O
out	O
)	O
,	O
hampshire	O
232	O
(	O
a.	O
fraser	O
5-55	O
,	O
r.	O
fay	O
4-77	O
)	O

liverpool	O
0	O
sunderland	O
0	O

20.	O
giovanni	O
lavaggi	O
(	O
italy	O
)	O
minardi	O
1:58.579	O

brown	O
's	O
56	O
not	O
out	O
,	O
containing	O
eight	O
fours	O
and	O
three	O
sixes	O
,	O
lifted	O
surrey	O
to	O
128	O
for	O
four	O
on	O
a	O
rain-curtailed	O
day	O
.	O

cincinnati	O
at	O
atlanta	O

lumber	O
closed	O
$	O
2.20	O
to	O
$	O
0.20	O
per	O
tbf	O
lower	O
with	O
september	O
off	O
$	O
0.70	O
at	O
$	O
413.20	O
and	O
november	O
off	O
most	O
at	O
$	O
369.00	O
per	O
tbf	O
.	O

2.	O
paul	O
tergat	O
(	O
kenya	O
)	O
26:54.41	O

contract	O
(	O
month	O
)	O
apt	O
close	O
settlement	O
previous	O
settle	O

carl	O
suneson	O
(	O
spain	O
)	O
65	O
66	O
70	O

she	O
wished	O
,	O
as	O
we	O
all	O
did	O
,	O
that	O
it	O
had	O
n't	O
happened	O
but	O
she	O
's	O
spiritually	O
and	O
mentally	O
terrific	O
.	O

australia	O
,	O
led	O
by	O
wicketkeeper	O
ian	O
healy	O
,	O
opened	O
their	O
short	O
tour	O
of	O
sri	O
lanka	O
with	O
a	O
five-run	O
win	O
over	O
the	O
country	O
's	O
youth	O
team	O
on	O
thursday	O
.	O

american	B-MISC
olympic	E-MISC
high	O
hurdles	O
champion	O
allen	O
johnson	O
defied	O
the	O
wet	O
conditions	O
to	O
produce	O
a	O
brilliant	O
12.92	O
seconds	O
in	O
the	O
110	O
metres	O
race	O
,	O
just	O
0.01	O
outside	O
the	O
world	O
record	O
held	O
by	O
britain	O
's	O
colin	O
jackson	O
.	O

the	O
man	O
entered	O
the	O
northcote	O
college	O
swimming	O
pool	O
changing	O
sheds	O
on	O
monday	O
and	O
told	O
the	O
girl	O
and	O
a	O
friend	O
:	O
"	O
you	O
're	O
for	O
it	O
now	O
.	O
"	O

"	O
what	O
happened	O
concerning	O
continuous	O
violations	O
and	O
crimes	O
from	O
this	O
new	O
israeli	S-MISC
leadership	O
means	O
they	O
are	O
declaring	O
a	O
state	O
of	O
war	O
against	O
the	O
palestinian	S-MISC
people	O
,	O
"	O
arafat	O
told	O
the	O
council	O
.	O

ealham	O
37	O
8	O
81	O
1	O
81.00	O

last	O
april	O
she	O
fractured	O
her	O
left	O
collar	O
bone	O
.	O

p.v.	O
krishnamoorthy	O

5.	O
juergen	O
schult	O
(	O
germany	O
)	O
63.48	O

st	O
kilda	O
21	O
9	O
0	O
12	O
1909	O
1958	O
97.5	O
36	O

mark	O
philippoussis	O
(	O
australia	O
)	O
beat	O
bohdan	O
ulihrach	O
(	O
czech	O

birmingham	O
2	O
1	O
1	O
0	O
5	O
4	O
4	O

the	O
group	O
is	O
soundly	O
structured	O
and	O
prudently	O
financed	O
and	O
is	O
blessed	O
with	O
an	O
excellent	O
portfolio	O
of	O
world-class	O
businesses	O
.	O

7.	O
tristan	O
hoffman	O
(	O
neths	O
)	O
tvm	O
same	O
time	O

an	O
algerian	S-MISC
newspaper	O
on	O
saturday	O
put	O
at	O
seven	O
--	O
two	O
women	O
and	O
five	O
children	O
--	O
the	O
death	O
toll	O
of	O
a	O
bomb	O
blast	O
in	O
a	O
market	O
west	O
of	O
algiers	O
on	O
friday	O
.	O

boston	O
1996-08-28	O

the	O
injured	O
,	O
which	O
included	O
a	O
pregnant	O
woman	O
,	O
were	O
taken	O
to	O
hospital	O
,	O
but	O
were	O
not	O
in	O
a	O
serious	O
condition	O
,	O
an	O
ambulance	O
spokesman	O
told	O
reuters	O
.	O

-docstart-	O

norwich	O
3	O
2	O
0	O
1	O
4	O
3	O
6	O

reuters	O
has	O
not	O
verified	O
these	O
stories	O
and	O
does	O
not	O
vouch	O
for	O
their	O
accuracy	O
.	O

dave	O
nilsson	O
had	O
three	O
hits	O
for	O
the	O
brewers	O
.	O

"	O
the	O
message	O
that	O
we	O
sent	O
to	O
(	O
syrian	S-MISC
president	O
hafez	O
al-	O
)	O
assad	O
is	O
that	O
israel	O
is	O
ready	O
at	O
any	O
time	O
without	O
preconditions	O
to	O
enter	O
peace	O
negotiations	O
,	O
"	O
israeli	S-MISC
foreign	O
minister	O
david	O
levy	O
told	O
israel	O
radio	O
in	O
an	O
interview	O
.	O

werder	O
bremen	O
4	O
1	O
1	O
2	O
5	O
6	O
4	O

a	O
conman	O
who	O
painted	O
common	O
australian	S-MISC
parrots	O
with	O
dye	O
to	O
make	O
them	O
look	O
like	O
rare	O
birds	O
worth	O
thousands	O
of	O
dollars	O
was	O
jailed	O
for	O
fraud	O
on	O
tuesday	O
.	O

melanie	O
cheary	O

-docstart-	O

commack	O
,	O
new	O
york	O
1996-08-23	O

london	O
1996-08-28	O

oldham	O
2	O
0	O
0	O
2	O
2	O
5	O
0	O

san	O
jose	O
,	O
costa	O
rica	O
1996-08-26	O

result	O
of	O
a	O
portuguese	S-MISC
first	O

chicago	O
8	O
florida	O
3	O

sales	O
3.30	O
3.17	O
2.75	O

east	O
stirling	O
0	O
albion	O
1	O

chernomorets	O
novorossiisk	O
25	O
7	O
5	O
13	O
25	O
38	O
26	O

-docstart-	O

--	O
sydney	O
newsroom	O
61-2	O
9373-1800	O

aides	O
said	O
clinton	O
planned	O
to	O
spend	O
most	O
of	O
thursday	O
in	O
his	O
hotel	O
room	O
several	O
miles	O
(	O
km	O
)	O
from	O
the	O
convention	O
hall	O
working	O
on	O
his	O
speech	O
.	O

cincinnati	O
at	O
colorado	O

3	O
-	O
wayne	O
ferreira	O
(	O
south	O
africa	O
)	O
beat	O
jiri	O
novak	O
(	O
czech	O

*	O
supermarkets	O
group	O
carrefour	O
gained	O
2.19	O
percent	O
to	O
2,616	O
francs	O
after	O
brokers	O
cheuvreux	O
de	O
virieu	O
confirmed	O
the	O
stock	O
on	O
their	O
buy	O
list	O
,	O
a	O
fund	O
manager	O
said	O
.	O

1.	O
williams	O
149	O
points	O

-docstart-	O

an-nahar	O

"	O
the	O
completion	O
of	O
the	O
test	O
ban	O
treaty	O
would	O
be	O
an	O
important	O
and	O
practical	O
step	O
in	O
the	O
gradual	O
process	O
of	O
achieving	O
total	O
nuclear	O
disarmament	O
,	O
"	O
it	O
said	O
.	O

jordanian	S-MISC
pm	O
kabariti	O
leaves	O
for	O
west	O
bank	O
.	O

earlier	O
this	O
year	O
,	O
a	O
german	S-MISC
tourist	O
and	O
a	O
swiss	S-MISC
tour	O
guide	O
were	O
kidnapped	O
from	O
the	O
same	O
general	O
area	O
in	O
northern	O
costa	O
rica	O
near	O
the	O
nicaraguan	S-MISC
border	O
.	O

5.	O
marina	O
trandenkova	O
(	O
russia	O
)	O
22.84	O

manila	O
1996-08-24	O

"	O
coming	O
just	O
a	O
million	O
guilders	O
under	O
the	O
forecast	O
range	O
is	O
n't	O
overwhelmingly	O
surprising	O
,	O
"	O
said	O
ing	O
analyst	O
steven	O
vrolijk	O
,	O
who	O
is	O
continuing	O
to	O
look	O
for	O
a	O
nine	O
to	O
10	O
percent	O
rise	O
in	O
1996	O
earnings	O
.	O

stich	O
said	O
he	O
felt	O
the	O
players	O
ought	O
to	O
have	O
organised	O
an	O
active	O
protest	O
.	O

the	O
only	O
goal	O
of	O
the	O
match	O
also	O
brought	O
some	O
relief	O
for	O
under-fire	O
leeds	O
manager	O
howard	O
wilkinson	O
following	O
the	O
team	O
's	O
poor	O
start	O
to	O
the	O
season	O
.	O

ria	O
news	O
agency	O
quoted	O
an	O
army	O
source	O
accusing	O
rebel	O
fighters	O
of	O
failing	O
to	O
turn	O
up	O
for	O
joint	O
russian-chechen	S-MISC
police	O
patrols	O
in	O
some	O
districts	O
of	O
the	O
capital	O
grozny	O
on	O
tuesday	O
.	O

-docstart-	O

a	O
mujahideen	O
khalq	O
statement	O
said	O
its	O
leader	O
massoud	O
rajavi	O
met	O
in	O
baghdad	O
the	O
secretary-general	O
of	O
the	O
kurdistan	O
democratic	O
party	O
of	O
iran	O
(	O
kdpi	O
)	O
hassan	O
rastegar	O
on	O
wednesday	O
and	O
voiced	O
his	O
support	O
to	O
iran	O
's	O
rebel	O
kurds	S-MISC
.	O

--	O
john	O
gilardi	O
,	O
frankfurt	O
newsroom	O
,	O
+49	O
69	O
756525	O

kenya	O
,	O
south	O
africa	O
,	O
pakistan	O
and	O
sri	O
lanka	O
will	O
take	O
part	O
in	O
the	O
series	O
.	O

cape	O
town	O
1996-08-25	O

the	O
estonian	S-MISC
parliament	O
failed	O
for	O
a	O
third	O
and	O
final	O
time	O
to	O
elect	O
a	O
new	O
state	O
president	O
on	O
tuesday	O
,	O
refusing	O
a	O
second	O
mandate	O
for	O
incumbent	O
lennart	O
meri	O
.	O

,	O
aa3	O
/	O
vmig-1	O
-	O
moody	O
's	O
.	O

for	O
sept	O
10-30	O
:	O
16,300	O
tonnes	O
of	O
dark	O
northern	O
spring	O
(	O
dns	O
)	O
at	O
$	O
212.00	O
;	O
7,000	O
of	O
hard	O
red	O
winter	O
(	O
hrw	O
)	O
at	O
$	O
205.10	O
;	O
2,700	O
of	O
western	O
white	O
(	O
ww	O
)	O
at	O
$	O
202.65	O
.	O

--	O
national	O
economy	O
minister	O
yannos	O
papandoniou	O
defends	O
"	O
hard	O
drachma	O
"	O
foreign	O
exchange	O
policy	O
,	O
says	O
it	O
wo	O
n't	O
change	O

shareholders	O
of	O
the	O
polish	S-MISC
construction	O
firm	O
mostostal	O
zabrze	O
holding	O
sa	O
approved	O
a	O
25-	O
million-zloty	O
,	O
five-year	O
convertible	O
issue	O
with	O
a	O
par	O
value	O
of	O
100	O
zlotys	O
each	O
,	O
the	O
company	O
's	O
spokesman	O
said	O
on	O
monday	O
.	O

that	O
does	O
n't	O
happen	O
in	O
other	O
grand	B-MISC
slams	E-MISC
.	O

-docstart-	O

watford	O
0	O
millwall	O
2	O

sunderland	O
3	O
1	O
2	O
0	O
4	O
1	O
5	O

4.	O
teutenberg	O
4	O
seconds	O

men	O
's	O
singles	O
,	O
second	O
round	O

5.	O
peter	O
dirkx	O
(	O
belgium	O
)	O
ktm	O

the	O
session	O
's	O
most	O
active	O
shares	O
were	O
those	O
of	O
isbank	O
gained	O
300	O
lira	O
to	O
8,600	O
.	O

lauck	O
,	O
dressed	O
in	O
a	O
sober	O
blue	O
suit	O
and	O
sporting	O
his	O
trademark	O
hitleresque	S-MISC
black	O
moustache	O
,	O
showed	O
no	O
sign	O
of	O
emotion	O
as	O
bertram	O
spent	O
more	O
than	O
an	O
hour	O
reading	O
out	O
the	O
verdict	O
and	O
explaining	O
the	O
court	O
's	O
decision	O
.	O

the	O
budget	O
contained	O
sharp	O
spending	O
cuts	O
in	O
areas	O
such	O
as	O
the	O
labour	O
market	O
to	O
reduce	O
the	O
deficit	O
to	O
about	O
a$	S-MISC
5.6	O
billion	O
.	O

fernandez	O
(	O
6-13	O
)	O
allowed	O
two	O
runs	O
,	O
walked	O
one	O
and	O
struck	O
out	O
eight	O
for	O
his	O
second	O
career	O
complete	O
game	O
,	O
both	O
against	O
montreal	O
.	O

results	O
from	O
the	O

-docstart-	O

the	O
400-strong	O
selection	O
committee	O
will	O
select	O
hong	O
kong	O
's	O
future	O
chief	O
executive	O
to	O
replace	O
the	O
british	S-MISC
governor	O
and	O
a	O
provisional	O
legislature	O
to	O
take	O
over	O
from	O
the	O
elected	O
chamber	O
which	O
beijing	O
plans	O
to	O
dissolve	O
.	O

he	O
said	O
the	O
case	O
of	O
the	O
girl	O
,	O
from	O
a	O
poor	O
family	O
that	O
had	O
never	O
been	O
in	O
trouble	O
with	O
the	O
law	O
,	O
would	O
go	O
before	O
a	O
special	O
court	O
dealing	O
with	O
underage	O
offenders	O
.	O

london	O
1996-08-23	O

when	O
asked	O
whether	O
the	O
three	O
guards	O
would	O
travel	O
back	O
to	O
kandahar	O
or	O
the	O
afghan	S-MISC
capital	O
kabul	O
,	O
the	O
embassy	O
official	O
said	O
:	O
"	O
that	O
has	O
not	O
been	O
decided	O
,	O
but	O
possibly	O
kandahar	O
.	O
"	O

kiev	O
's	O
foreign	O
minister	O
hennady	O
udovenko	O
said	O
beijing	O
was	O
overreacting	O
.	O

4.	O
thomas	O
bscher	O
(	O
germany	O
)	O
/	O
peter	O
kox	O
(	O
netherlands	O
)	O
west	B-MISC
mclaren	E-MISC

i	O
expect	O
the	O
market	O
to	O
go	O
as	O
far	O
down	O
as	O
63,000	O
tomorrow	O
if	O
sales	O
continue	O
,	O
"	O
said	O
burcin	O
mavituna	O
from	O
interbank	O
.	O

-docstart-	O

unam	O
3	O
0	O
0	O
3	O
2	O
6	O
0	O

--	O
caracas	O
newsroom	O
,	O
582	O
834405	O

leading	O
goalscorers	O
in	O
the	O
french	S-MISC

the	O
magazines	O
named	O
the	O
woman	O
as	O
fili	O
houteman	O
,	O
a	O
26-year-old	O
french	S-MISC
singer	O
and	O
dancer	O
in	O
a	O
belgian	S-MISC
cabaret	O
club	O
.	O

-	O
order	O
book	O
(	O
billions	O
)	O
2.37	O
vs	O
2.01	O

soccer	O
-	O
german	S-MISC
first	O
division	O
results	O
.	O

former	O
world	O
800	O
champion	O
mutola	O
pushed	O
masterkova	O
all	O
the	O
way	O
,	O
finishing	O
second	O
in	O
2:29.66	O
.	O

rohrabacher	O
flew	O
into	O
bagram	O
military	O
airbase	O
north	O
of	O
kabul	O
in	O
a	O
red	O
cross	O
plane	O
on	O
tuesday	O
after	O
meeting	O
northern	O
opposition	O
militia	O
leader	O
general	O
abdul	O
rashid	O
dostum	O
.	O

new	O
zealand	O
cricket	O
said	O
the	O
sri	B-MISC
lankans	E-MISC
would	O
play	O
tests	O
in	O
hamilton	O
and	O
wellington	O
and	O
one-dayers	O
in	O
auckland	O
,	O
christchurch	O
and	O
dunedin	O
,	O
following	O
hard	O
on	O
the	O
heels	O
of	O
a	O
tour	O
by	O
england	O
.	O

arequipa	O
shareholders	O
had	O
the	O
option	O
to	O
choose	O
c$	S-MISC
30	O
cash	O
or	O
0.79	O
barrick	O
shares	O
plus	O
50	O
cents	O
for	O
each	O
arequipa	O
share	O
.	O

maybe	O
they	O
want	O
us	O
to	O
be	O
alcoholics	O
,	O
"	O
perry	O
joked	O
before	O
lifting	O
her	O
glass	O
of	O
wine	O
.	O

new	O
york	O
at	O
california	O

nevertheless	O
,	O
"	O
a	O
treatment	O
based	O
on	O
the	O
new	O
strategy	O
....	O
may	O
have	O
the	O
potential	O
to	O
benefit	O
many	O
patients	O
,	O
"	O
the	O
university	O
of	O
pennsylvania	O
medical	O
centre	O
said	O
in	O
a	O
release	O
.	O

toronto	O
1996-08-27	O

no	O
one	O
was	O
injures	O
,	O
he	O
said	O
.	O

actor	O
sylvester	O
stallone	O
and	O
his	O
fiancee	O
,	O
model	O
jennifer	O
flavin	O
,	O
had	O
a	O
baby	O
girl	O
on	O
tuesday	O
,	O
stallone	O
's	O
publicist	O
said	O
.	O

1-3	O
.	O

i	O
think	O
it	O
's	O
destined	O
that	O
it	O
turned	O
out	O
for	O
me	O
.	O
"	O

-	O
mortgage	O
lending	O
rates	O
are	O
on	O
the	O
way	O
up	O
with	O
banks	O
and	O
building	O
societies	O
poised	O
to	O
add	O
around	O
a	O
quarter	O
of	O
a	O
percentage	O
point	O
to	O
their	O
main	O
variable	O
rates	O
of	O
interest	O
.	O

todd	O
woodbridge	O
(	O
australia	O
)	O
vs.	O
qualifier	O

many	O
people	O
began	O
to	O
believe	O
that	O
windows	B-MISC
95	E-MISC
was	O
being	O
downplayed	O
.	O
"	O

10.	O
corser	O
38:42.015	O

10-0-59-1	O
muralitharan	O
10-0-42-0	O
,	O
jayasuriya	O
10-1-39-1	O
,	O
de	O
silva	O

moscow	O
1996-08-26	O

british	S-MISC
jewish	S-MISC
groups	O
have	O
also	O
protested	O
because	O
they	O
say	O
members	O
of	O
algeria	O
's	O
islamic	O
salvation	O
front	O
(	O
fis	O
)	O
and	O
the	O
palestinian	S-MISC
islamic	S-MISC
group	O
hamas	O
are	O
on	O
the	O
guest	O
list	O
.	O

4.	O
erik	O
dekker	O
(	O
netherlands	O
)	O
rabobank	O
43	O

slough	O
's	O
chairman	O
sir	O
nigel	O
mobbs	O
added	O
to	O
the	O
bullish	O
mood	O
in	O
the	O
sector	O
,	O
saying	O
in	O
a	O
statement	O
that	O
"	O
with	O
the	O
prospect	O
of	O
a	O
period	O
of	O
steady	O
economic	O
growth	O
and	O
low	O
inflation	O
ahead	O
,	O
there	O
is	O
good	O
reason	O
to	O
believe	O
that	O
the	O
property	O
sector	O
should	O
continue	O
its	O
improvement	O
.	O
"	O

iraq	O
says	O
hijackers	O
were	O
not	O
diplomats	O
.	O

played	O
sunday	O
:	O

noticias	O

-docstart-	O

julie	O
lejeune	O
and	O
melissa	O
russo	O
,	O
had	O
been	O
kidnapped	O
in	O
june	O
last	O
year	O
.	O

"	O
we	O
expect	O
our	O
cooperation	O
will	O
help	O
both	O
countries	O
towards	O
entering	O
the	O
european	O
union	O
and	O
nato	O
,	O
"	O
kwasniewski	O
said	O
.	O

aamir	O
sohail	O
c	O
cork	O
b	O
croft	O
46	O

houston	O
68	O
60	O
.531	O
-	O

heerenveen	O
2	O
ajax	O
amsterdam	O
0	O

results	O
of	O
major	B-MISC
league	I-MISC
baseball	E-MISC
games	O

5.	O
federico	O
colonna	O
(	O
italy	O
)	O
mapei	O

japanese	S-MISC
prime	O
minister	O
ryutaro	O
hashimoto	O
marked	O
the	O
august	O
15	O
anniversary	O
by	O
expressing	O
"	O
remorse	O
"	O
for	O
foreign	O
victims	O
of	O
japan	O
's	O
world	B-MISC
war	I-MISC
two	E-MISC
atrocities	O
.	O

leftist	O
mexican	S-MISC
armed	O
group	O
says	O
troops	O
in	O
capital	O
.	O

--	O
africans	S-MISC
seeking	O
to	O
renew	O
or	O
obtain	O
work	O
and	O
residence	O
rights	O
say	O
prime	O
minister	O
alain	O
juppe	O
's	O
proposals	O
are	O
insufficient	O
as	O
hunger	O
strike	O
enters	O
49th	O
day	O
in	O
paris	O
church	O
and	O
wednesday	O
rally	O
attracts	O
8,000	O
sympathisers	O
.	O

but	O
first	O
lady	O
hillary	O
rodham	O
clinton	O
told	O
abc	O
television	O
,	O
"	O
he	O
's	O
really	O
fired	O
up	O
.	O
"	O

10.	O
kispest	O
3	O
1	O
1	O
1	O
6	O
7	O
4	O

index	O
heavyweights	O
elf	O
and	O
rhone	O
poulenc	O
both	O
ended	O
slightly	O
weaker	O
while	O
active	O
eurotunnel	O
was	O
unchanged	O
on	O
nearly	O
a	O
million	O
shares	O
traded	O
.	O

diana	O
met	O
will	O
carling	O
at	O
an	O
exclusive	O
gymnasium	O
in	O
london	O
.	O

"	O
morris	O
has	O
been	O
trying	O
to	O
make	O
president	O
clinton	O
a	O
republican	S-MISC
,	O
now	O
maybe	O
he	O
'll	O
revert	O
to	O
the	O
liberal	O
democrat	S-MISC
that	O
he	O
really	O
is	O
,	O
"	O
dole	O
told	O
reporters	O
.	O

washington	O
1996-08-26	O

tuesday	O
.	O

grant	O
stafford	O
(	O
south	O
africa	O
)	O
vs.	O
guy	O
forget	O
(	O
france	O
)	O

-docstart-	O

men	O
's	O
singles	O
,	O
first	O
round	O

bonilla	O
's	O
blast	O
was	O
the	O
first	O
time	O
randy	O
johnson	O
,	O
last	O
season	O
's	O
cy	O
young	O
winner	O
,	O
allowed	O
a	O
run	O
in	O
five	O
relief	O
appearances	O
since	O
coming	O
off	O
the	O
disabled	O
list	O
on	O
august	O
6	O
.	O

rwanda	O
said	O
on	O
saturday	O
that	O
zaire	O
had	O
expelled	O
28	O
rwandan	S-MISC
hutu	S-MISC
refugees	O
accused	O
of	O
being	O
"	O
trouble-makers	O
"	O
in	O
camps	O
in	O
eastern	O
zaire	O
.	O

new	O
york	O
59	O
71	O
.454	O
23	O

aegon	O
83.40	O
paribas	O

soccer	O
-	O
german	S-MISC
first	O
division	O
summaries	O
.	O

lost	O
,	O
winning	O
percentage	O
and	O
games	O
behind	O
)	O
:	O

manchester	O
,	O
england	O
1996-08-28	O

new	O
york	O
1996-08-25	O

delivered	O
to	O
consumer	O

"	O
they	O
just	O
voted	O
along	O
ethnic	O
lines	O
where	O
they	O
could	O
.	O
"	O

precious	O
metals	O

bonn	O
1996-08-22	O

texas	O
74	O
56	O
.569	O
-	O

played	O
sunday	O
:	O

-docstart-	O

voters	O
will	O
be	O
choosing	O
a	O
three-member	O
presidency	O
and	O
a	O
parliament	O
to	O
rule	O
over	O
a	O
loose	O
union	O
of	O
bosnia	O
,	O
comprised	O
of	O
a	O
serb	S-MISC
republic	O
and	O
a	O
moslem-croat	S-MISC
federation	O
.	O

gdp	O
figures	O
are	O
quarterly	O
on	O
annualised	O
basis	O
.	O

lauck	O
,	O
from	O
lincoln	O
,	O
nebraska	O
,	O
yelled	O
a	O
tirade	O
of	O
abuse	O
at	O
the	O
court	O
after	O
his	O
conviction	O
for	O
inciting	O
racial	O
hatred	O
.	O

formula	O
shell	O
beat	O
alaska	O
milk	O
85-82	O
(	O
36-46	O
)	O

the	O
american	B-MISC
league	I-MISC
western	E-MISC
leaders	O
have	O
won	O
eight	O
of	O
15	O
games	O
at	O
jacobs	O
field	O
,	O
joining	O
the	O
yankees	O
as	O
the	O
only	O
teams	O
with	O
a	O
winning	O
record	O
at	O
the	O
a.l.	B-MISC
central	E-MISC
leaders	O
'	O
home	O
.	O

"	O
the	O
dollar	O
is	O
overbought	O
at	O
the	O
moment	O
,	O
"	O
said	O
a	O
western	O
bank	O
dealer	O
.	O
"	O

stranraer	O
1	O
livingston	O
2	O

johannesburg	O
1996-08-26	O

this	O
would	O
have	O
cleared	O
cniec	O
a	O
healthy	O
profit	O
,	O
which	O
could	O
then	O
have	O
been	O
used	O
to	O
finance	O
storage	O
and	O
other	O
costs	O
.	O

kankkunen	O
was	O
runner-up	O
in	O
his	O
toyota	O
as	O
finland	O
's	O
jarmo	O
kytolehto	O
produced	O
a	O
remarkable	O
drive	O
to	O
finish	O
third	O
in	O
his	O
ford	O
.	O

may	O
1996	O
cdu	O
/	O
csu	O
spd	O
fdp	O
greens	O
pds	O

-docstart-	O

issue	O
price	O
2.42	O
dem	S-MISC
gearing	O
10.29	O
x	O

harelbeke	O
4	O
1	O
1	O
2	O
6	O
7	O
4	O

gazprom	O
was	O
the	O
loser	O
of	O
the	O
day	O
with	O
prices	O
closing	O
at	O
$	O
0.300	O
,	O
down	O
from	O
$	O
0.355	O
on	O
tuesday	O
and	O
$	O
0.445	O
on	O
monday	O
.	O

cycling	O
-	O
kelly	O
wins	O
world	O
time	O
trial	O
title	O
.	O

130	O
fernando	O
roca	O
(	O
spain	O
)	O
66	O
64	O
,	O
ian	O
pyman	O
66	O
64	O

7.	O
ireland	O
8.45	O

specialists	O
and	O
market	O
makers	O
are	O
companies	O
or	O
individuals	O
recognised	O
as	O
qualified	O
to	O
maintain	O
an	O
orderly	O
market	O
in	O
a	O
stock	O
.	O

the	O
supreme	O
court	O
ruled	O
that	O
a	O
judicial	O
hearing	O
contesting	O
the	O
ban	O
would	O
be	O
heard	O
on	O
september	O
11	O
,	O
three	O
days	O
before	O
the	O
nomination	O
period	O
for	O
the	O
selection	O
committee	O
closes	O
.	O

karin	O
kschwendt	O
(	O
austria	O
)	O
beat	O
sandra	O

lisbon	O
1996-08-24	O

sao	O
paulo	O
1996-08-27	O

maybe	O
this	O
was	O
one	O
of	O
those	O
years	O
where	O
i	O
was	O
there	O
,	O
but	O
i	O
was	O
n't	O
100	O
percent	O
there	O
,	O
and	O
you	O
have	O
to	O
be	O
100	O
percent	O
to	O
perform	O
,	O
"	O
he	O
said	O
.	O

nyva	O
vinnytsya	O
5	O
0	O
2	O
3	O
1	O
7	O
2	O

hamilton	O
2	O
clyde	O
0	O

athens	O
1996-08-22	O

alex	O
o'brien	O
(	O
u.s.	O
)	O
beat	O
mikael	O
tillstrom	O
(	O
sweden	O
)	O
6-3	O
2-6	O

mouscron	O
4	O
2	O
2	O
0	O
7	O
4	O
8	O

lusaka	O
1996-08-28	O

libyan	S-MISC
man	O
murdered	O
in	O
malta	O
.	O

meanwhile	O
,	O
in	O
los	O
angeles	O
,	O
dole	O
's	O
running	O
mate	O
,	O
jack	O
kemp	O
,	O
campaigned	O
aggressively	O
for	O
the	O
black	O
vote	O
in	O
an	O
area	O
that	O
was	O
the	O
flashpoint	O
of	O
the	O
1992	O
los	O
angeles	O
riots	O
.	O

*	O
uic	O
,	O
part	O
of	O
insurer	O
gan	O
,	O
slid	O
12.19	O
percent	O
to	O
55.1	O
francs	O
after	O
reporting	O
a	O
net	O
attributable	O
first-half	O
loss	O
of	O
758	O
million	O
francs	O
after	O
the	O
close	O
on	O
monday	O
.	O

finals	O
,	O
doubles	O

armed	O
hijackers	O
believed	O
to	O
be	O
iraqis	S-MISC
released	O
140	O
people	O
on	O
tuesday	O
from	O
a	O
sudan	O
airways	O
plane	O
carrying	O
199	O
passengers	O
and	O
crew	O
that	O
landed	O
in	O
london	O
after	O
being	O
diverted	O
on	O
a	O
flight	O
from	O
khartoum	O
to	O
amman	O
,	O
police	O
said	O
.	O

prykarpattya	O
6	O
0	O
2	O
4	O
4	O
13	O
2	O

north	O
battleford	O
,	O
sask	O
.	O

'	O

199	O
thomas	O
gogele	O
(	O
germany	O
)	O
67	O
65	O
67	O
,	O
robert	O
karlsson	O

bowling	O
:	O

-docstart-	O

california	O
played	O
without	O
interim	O
manager	O
john	O
mcnamara	O
,	O
who	O
was	O
admitted	O
to	O
a	O
new	O
york	O
hospital	O
with	O
a	O
blood	O
clot	O
in	O
his	O
right	O
calf	O
.	O

jose	O
valentin	O
hit	O
his	O
21st	O
homer	O
for	O
milwaukee	O
.	O

-	O
cabinet	O
meeting	O
establishes	O
five	O
new	O
administrative	O
regions	O
and	O
four	O
new	O
departments	O
as	O
part	O
of	O
government	O
decentralisation	O
policy	O
.	O

gothenburg	O
go	O
through	O
4-1	O
on	O
aggregate	O
.	O

cardiff	O
1	O
brighton	O
0	O

gloria	O
bistrita	O
4	O
1	O
0	O
3	O
3	O
9	O
3	O

sheep	O
have	O
long	O
been	O
known	O
to	O
contract	O
scrapie	O
,	O
a	O
brain-wasting	O
disease	O
similar	O
to	O
bse	S-MISC
which	O
is	O
believed	O
to	O
have	O
been	O
transferred	O
to	O
cattle	O
through	O
feed	O
containing	O
animal	O
waste	O
.	O

alastair	O
macdonald	O

-docstart-	O

second	O
seed	O
and	O
co-world	O
number	O
one	O
monica	O
seles	O
advanced	O
to	O
the	O
third	O
round	O
of	O
the	O
u.s.	B-MISC
open	I-MISC
tennis	I-MISC
championships	E-MISC
without	O
hitting	O
a	O
ball	O
on	O
wednesday	O
.	O

games	O
played	O
on	O
wednesday	O
.	O

they	O
said	O
461	O
mm	O
(	O
18	O
inches	O
)	O
of	O
rain	O
had	O
drenched	O
the	O
punjab	O
provincial	O
capital	O
in	O
36	O
hours	O
,	O
turning	O
streets	O
into	O
rivers	O
,	O
knocking	O
out	O
power	O
,	O
water	O
and	O
telephone	O
services	O
,	O
disrupting	O
air	O
and	O
rail	O
traffic	O
,	O
and	O
sweeping	O
away	O
houses	O
and	O
cars	O
.	O

cricket	O
-	O
essex	O
poised	O
to	O
step	O
up	O
title	O
challenge	O
.	O

warwickshire	O
are	O
currently	O
in	O
fourth	O
position	O
behind	O
yorkshire	O
,	O
nottinghamshire	O
and	O
surrey	O
.	O

costain	O
's	O
contract	O
to	O
build	O
the	O
controversial	O
newbury	O
bypass	O
,	O
which	O
runs	O
through	O
a	O
conservation	O
area	O
,	O
has	O
led	O
to	O
violent	O
protests	O
delaying	O
building	O
,	O
bomb	O
threats	O
,	O
staff	O
intimidation	O
and	O
picketing	O
of	O
chief	O
executive	O
alan	O
lovell	O
's	O
home	O
.	O

6.	O
francis	O
agyepong	O
(	O
britain	O
)	O
16.63	O

chris	O
boardman	O
(	O
britain	O
)	O
4:11.114	O
(	O
world	O
record	O
)	O
beat	O
andrea	O
collinelli	O
(	O
italy	O
)	O
4:20.341	O

the	O
russian	S-MISC
command	O
insisted	O
that	O
not	O
all	O
the	O
weapons	O
were	O
the	O
same	O
as	O
those	O
taken	O
.	O

9.	O
eddie	O
irvine	O
(	O
britain	O
)	O
ferrari	O
1:53.043	O

68	O
67	O
,	O
bernhard	O
langer	O
(	O
germany	O
)	O
64	O
71	O
,	O
gary	O
orr	O
67	O
68	O
,	O

a	O
bank	O
indonesia	O
spokeswoman	O
confirmed	O
the	O
newspaper	O
report	O
but	O
declined	O
to	O
give	O
further	O
details	O
.	O

estimated	O
price	O
range	O
$	O
13	O
-	O
$	O
15	O
/	O
shr	O

west	O
bromwich	O
2	O
0	O
1	O
1	O
2	O
3	O
1	O

in	O
detroit	O
,	O
orel	O
hershiser	O
recorded	O
his	O
fourth	O
straight	O
win	O
and	O
albert	O
belle	O
snapped	O
a	O
sixth-inning	O
tie	O
with	O
a	O
grand	O
slam	O
as	O
the	O
cleveland	O
indians	O
completed	O
a	O
season	O
sweep	O
of	O
the	O
detroit	O
tigers	O
with	O
a	O
9-3	O
victory	O
.	O

the	O
berlin	O
prosecutors	O
said	O
they	O
had	O
been	O
alerted	O
to	O
the	O
two	O
men	O
by	O
customs	O
officials	O
who	O
intercepted	O
packages	O
containing	O
pornographic	O
photographs	O
and	O
order	O
forms	O
.	O

javier	O
sanchez	O
(	O
spain	O
)	O
beat	O
jim	O
grabb	O
(	O
u.s.	O
)	O
6-2	O
7-6	O
(	O
7-3	O
)	O
2-6	O
6-3	O

baseball	O
-	O
braves	O
sign	O
neagle	O
.	O

italy	O
police	O
arrest	O
five	O
over	O
double	O
mafia	O
killing	O
.	O

london	O
's	O
annual	O
notting	B-MISC
hill	I-MISC
carnival	E-MISC
,	O
the	O
largest	O
in	O
europe	O
and	O
second	O
in	O
the	O
world	O
only	O
to	O
rio	O
,	O
ended	O
peacefully	O
on	O
monday	O
with	O
an	O
estimated	O
800,000	O
revellers	O
singing	O
and	O
dancing	O
the	O
day	O
away	O
in	O
high	O
spirits	O
.	O

seattle	O
1996-08-29	O

market	O
talk	O
-	O
usda	O
net	O
change	O
in	O
weekly	O
export	O
commitments	O
for	O
the	O
week	O
ended	O
august	O
22	O
,	O
includes	O
old	O
crop	O
and	O
new	O
crop	O
,	O
were	O
:	O
wheat	O
up	O
595,400	O
tonnes	O
old	O
,	O
nil	O
new	O
;	O
corn	O
up	O
1,900	O
old	O
,	O
up	O
319,600	O
new	O
;	O
soybeans	O
down	O
12,300	O
old	O
,	O
up	O
300,800	O
new	O
;	O
upland	O
cotton	O
up	O
50,400	O
bales	O
new	O
,	O
nil	O
old	O
;	O
soymeal	O
54,800	O
old	O
,	O
up	O
100,600	O
new	O
,	O
soyoil	O
nil	O
old	O
,	O
up	O
75,000	O
new	O
;	O
barley	O
up	O
1,700	O
old	O
,	O
nil	O
new	O
;	O
sorghum	O
6,200	O
old	O
,	O
up	O
156,700	O
new	O
;	O
pima	O
cotton	O
up	O
4,000	O
bales	O
old	O
,	O
nil	O
new	O
;	O
rice	O
up	O
49,900	O
old	O
,	O
nil	O
new	O
...	O

at	O
1347	O
gmt	S-MISC
,	O
december	O
euromark	S-MISC
futures	O
were	O
trading	O
at	O
96.78	O
,	O
two	O
basis	O
points	O
down	O
on	O
the	O
day	O
.	O

a	O
spokesman	O
for	O
israel	O
's	O
civil	O
administration	O
in	O
the	O
west	O
bank	O
said	O
the	O
bedouins	S-MISC
were	O
moved	O
because	O
they	O
were	O
encamped	O
on	O
an	O
israeli	S-MISC
army	O
firing	O
zone	O
.	O

moscow	O
's	O
as	O
yet	O
undisclosed	O
proposals	O
on	O
chechnya	O
's	O
political	O
future	O
have	O
,	O
meanwhile	O
,	O
been	O
sent	O
back	O
to	O
do	O
the	O
rounds	O
of	O
various	O
government	O
departments	O
.	O

the	O
brent	O
crude	O
futures	O
market	O
on	O
the	O
singapore	O
international	O
monetary	O
exchange	O
(	O
simex	O
)	O
was	O
closed	O
on	O
monday	O
in	O
respect	O
for	O
a	O
u.k.	O
national	O
holiday	O
.	O

weiss	O
said	O
most	O
of	O
the	O
company	O
's	O
half	O
year	O
earning	O
stemmed	O
from	O
the	O
sale	O
of	O
its	O
50	O
percent	O
stake	O
in	O
physicians	O
insurance	O
co	O
of	O
ohio	O
.	O

it	O
said	O
its	O
non-medicare	S-MISC
infusion	O
therapy	O
,	O
hospice	O
and	O
nursing	O
services	O
businesses	O
failed	O
to	O
meet	O
budgeted	O
revenues	O
.	O

roberto	O
carretero	O
(	O
spain	O
)	O
beat	O
jordi	O
burillo	O
(	O
spain	O
)	O
6-3	O
4-6	O
6-	O

attendance	O
9,000	O
.	O

california	O
61	O
71	O
.462	O
14	O

the	O
85-share	O
industrial	O
index	O
lost	O
0.47	O
percent	O
to	O
70,848.86	O
and	O
the	O
15-share	O
financial	O
index	O
rose	O
by	O
0.55	O
percent	O
to	O
55,929.89	O
.	O

facing	O
yorkshire	O
's	O
529	O
for	O
eight	O
declared	O
,	O
lancashire	O
were	O
forced	O
to	O
follow	O
on	O
206	O
behind	O
after	O
being	O
bowled	O
out	O
for	O
323	O
,	O
paceman	O
darren	O
gough	O
polishing	O
off	O
the	O
innings	O
with	O
a	O
burst	O
of	O
three	O
wickets	O
for	O
one	O
run	O
in	O
17	O
deliveries	O
.	O

"	O
local	O
radio	O
and	O
television	O
there	O
(	O
in	O
zvornik	O
)	O
are	O
advising	O
people	O
to	O
step	O
back	O
and	O
take	O
it	O
easy	O
.	O

-docstart-	O

the	O
defeat	O
means	O
ajax	O
's	O
main	O
title	O
contenders	O
psv	O
eindhoven	O
,	O
who	O
beat	O
the	O
champions	O
3-0	O
in	O
the	O
traditional	O
league	O
curtain-raiser	O
,	O
can	O
go	O
three	O
points	O
clear	O
of	O
their	O
rivals	O
if	O
they	O
beat	O
groningen	O
on	O
sunday	O
.	O

french	S-MISC
tax	O
office	O
sucks	O
in	O
money	O
.	O

peter	O
hedblom	O
(	O
sweden	O
)	O
70	O
75	O
,	O
pedro	O
linhart	O
(	O
spain	O
)	O
72	O
73	O
,	O

"	O
it	O
was	O
always	O
going	O
to	O
be	O
a	O
tough	O
day	O
with	O
participation	O
so	O
low	O
.	O

london	O
1996-08-26	O

around	O
40,000	O
tonnes	O
of	O
the	O
copper	O
have	O
already	O
been	O
moved	O
to	O
warehouses	O
near	O
the	O
northern	O
port	O
of	O
yingkou	O
,	O
where	O
some	O
of	O
the	O
strategic	O
stockpile	O
was	O
stored	O
,	O
they	O
said	O
.	O

milwaukee	O
at	O
cleveland	O

boston	O
's	O
roger	O
clemens	O
(	O
7-11	O
)	O
was	O
one	O
out	O
away	O
from	O
his	O
second	O
straight	O
shutout	O
when	O
pinch-hitter	O
matt	O
stairs	O
tripled	O
over	O
the	O
head	O
of	O
centre	O
fielder	O
lee	O
tinsley	O
on	O
an	O
0-2	O
pitch	O
and	O
pinch-hitter	O
terry	O
steinbach	O
dunked	O
a	O
broken-bat	O
single	O
into	O
right	O
to	O
lift	O
oakland	O
into	O
a	O
1-1	O
tie	O
.	O

--	O
u.s.	O
municipal	O
desk	O
,	O
212-859-1650	O

canada	O
is	O
fast-tracking	O
immigration	O
applications	O
from	O
chinese	S-MISC
dissidents	O
in	O
hong	O
kong	O
before	O
the	O
british	S-MISC
colony	O
reverts	O
to	O
china	O
's	O
control	O
next	O
year	O
,	O
the	O
vancouver	O
sun	O
reported	O
on	O
wednesday	O
.	O

7.	O
simon	O
crafar	O
(	O
new	O
zealand	O
)	O
kawasaki	O
132	O

widzew	O
lodz	O
7	O
4	O
2	O
1	O
13	O
3	O
14	O

jordan	O
expels	O
iraqi	S-MISC
diplomat	O
.	O

jared	O
palmer	O
(	O
u.s.	O
)	O
beat	O
15	O
-	O
marc	O
rosset	O
(	O
switzerland	O
)	O
6-7	O
(	O
7-9	O
)	O

-docstart-	O

new	O
york	O
59	O
74	O
.444	O
24	O

in	O
home	O
health	O
inc	O
said	O
on	O
thursday	O
it	O
will	O
appeal	O
to	O
the	O
u.s.	O
federal	O
district	O
court	O
in	O
minneapolis	O
a	O
decision	O
by	O
the	O
health	O
care	O
financing	O
administration	O
(	O
hcfa	O
)	O
that	O
denied	O
reimbursement	O
of	O
certain	O
costs	O
under	O
medicaid	S-MISC
.	O

major	B-MISC
league	I-MISC
baseball	E-MISC

2	O
-	O
zhang	O
ning	O
(	O
china	O
)	O
beat	O
1	O
-	O
wang	O
chen	O
(	O
china	O
)	O
11-7	O
11-8	O

israel	O
gave	O
palestinian	S-MISC
president	O
yasser	O
arafat	O
permission	O
on	O
thursday	O
to	O
fly	O
over	O
its	O
territory	O
to	O
the	O
west	O
bank	O
,	O
ending	O
a	O
brief	O
israeli-plo	S-MISC
crisis	O
,	O
an	O
arafat	O
adviser	O
said	O
.	O

2-2	O
on	O
aggregate	O
.	O

hockey	O
-	O
bonnet	O
takes	O
over	O
as	O
south	O
african	O
coach	O
.	O

but	O
he	O
added	O
they	O
had	O
difficulty	O
remembering	O
what	O
happened	O
during	O
their	O
visits	O
to	O
belgium	O
,	O
perhaps	O
because	O
of	O
drugs	O
,	O
and	O
were	O
unsure	O
whether	O
they	O
were	O
filmed	O
for	O
pornography	O
.	O

3.	O
kennedy	O
ochieng	O
(	O
kenya	O
)	O
46.21	O

with	O
2.5	O
percent	O
gross	O
domestic	O
product	O
growth	O
expected	O
for	O
1996	O
,	O
new	O
job	O
growth	O
should	O
slowly	O
lower	O
the	O
unemployment	O
rate	O
over	O
the	O
rest	O
of	O
the	O
year	O
.	O

a	O
small	O
number	O
of	O
bosnians	S-MISC
had	O
also	O
begun	O
to	O
vote	O
in	O
turkey	O
.	O

4.	O
vialle	O
22	O

2009	O
65m	O
-	O
-	O

a	O
man	O
knifed	O
to	O
death	O
international	O
model	O
agnieszka	O
kotlarska	O
outside	O
her	O
home	O
in	O
wroclaw	O
,	O
western	O
poland	O
,	O
polish	S-MISC
television	O
said	O
on	O
wednesday	O
.	O

st	O
kilda	O
21	O
9	O
0	O
12	O
1909	O
1958	O
97.5	O
36	O

bnz	O
cuts	O
nz	O
fixed	O
home	O
lending	O
rates	O
.	O

results	O
of	O
scottish	S-MISC
league	O
soccer	O

hapoel	O
ironi	O
rishon	O
lezion	O
3	O
hapoel	O
taibe	O
1	O

-docstart-	O

brechin	O
1	O
ayr	O
1	O

nac	O
breda	O
1	O
nec	O
nijmegen	O
1	O

simon	O
brown	O
1	O
2	O
1	O
11	O
10no	O
11.00	O

the	O
poll	O
,	O
taken	O
on	O
sunday	O
and	O
monday	O
as	O
the	O
president	O
engaged	O
in	O
a	O
whistle-stop	O
train	O
trip	O
to	O
the	O
democratic	B-MISC
convention	E-MISC
in	O
chicago	O
,	O
put	O
clinton	O
at	O
51	O
percent	O
,	O
dole	O
at	O
36	O
percent	O
and	O
ross	O
perot	O
of	O
the	O
reform	O
party	O
at	O
8	O
percent	O
.	O

the	O
visit	O
was	O
kabariti	O
's	O
first	O
trip	O
outside	O
the	O
country	O
since	O
jordan	O
was	O
shaken	O
by	O
food	O
riots	O
earlier	O
this	O
month	O
.	O

ratlam	O
10	O
yellow	O
12,600-12,750	O
12,700-12,800	O

mehrtens	O
played	O
in	O
the	O
last	O
trinations	S-MISC
test	O
in	O
cape	O
town	O
but	O
missed	O
the	O
first	O
two	O
tests	O
in	O
the	O
current	O
series	O
after	O
tearing	O
a	O
cartilage	O
in	O
his	O
knee	O
while	O
training	O
,	O
an	O
injury	O
which	O
needed	O
a	O
small	O
operation	O
.	O

palmeiras	O
3	O
vasco	O
da	O
gama	O
1	O

dutch	S-MISC
state	O
raises	O
tap	O
sale	O
price	O
to	O
99.95	O
.	O

cairo	O
says	O
several	O
egyptian	S-MISC
militants	O
on	O
the	O
run	O
from	O
death	O
sentences	O
or	O
convictions	O
for	O
violent	O
attacks	O
at	O
home	O
have	O
taken	O
shelter	O
in	O
britain	O
.	O

goldman	O
sachs	O
&	O
co	O
wertpapier	O
gmbh	O
has	O
issued	O
a	O
total	O
of	O
five	O
million	O
american-style	S-MISC
call	O
warrants	O
,	O
on	O
continental	O
ag	O
,	O
lead	O
manager	O
goldman	O
sachs	O
&	O
co	O
said	O
.	O

interior	O
minister	O
zbigniew	O
siemiatkowski	O
and	O
bernd	O
schmidbauer	O
,	O
german	S-MISC
intelligence	O
co-ordinator	O
in	O
helmut	O
kohl	O
's	O
chancellery	O
,	O
sealed	O
the	O
closer	O
links	O
during	O
talks	O
in	O
warsaw	O
.	O

in	O
zvornik	O
,	O
we	O
think	O
the	O
situation	O
is	O
winding	O
down	O
as	O
well	O
,	O
"	O
nato	O
spokesman	O
lieutenant	O
colonel	O
max	O
marriner	O
told	O
reuters	O
.	O

extras	O
18	O

sentiment	O
is	O
a	O
bit	O
gloomy	O
because	O
people	O
are	O
focusing	O
on	O
the	O
weak	O
recovery	O
in	O
the	O
economy	O
at	O
the	O
moment	O
,	O
"	O
said	O
a	O
dealer	O
with	O
a	O
european	S-MISC
bank	O
.	O

m.	O
atherton	O
b	O
wasim	O
akram	O
65	O

"	O
i	O
think	O
we	O
would	O
have	O
liked	O
to	O
have	O
more	O
of	O
ingwe	O
but	O
it	O
's	O
the	O
question	O
of	O
adding	O
value	O
.	O

hina	O
said	O
the	O
church	O
in	O
the	O
small	O
village	O
of	O
karin	O
gornji	O
,	O
30	O
km	O
(	O
19	O
miles	O
)	O
north	O
of	O
zadar	O
,	O
was	O
destroyed	O
by	O
the	O
morning	O
attack	O
.	O

saeed	O
anwar	O
c	O
croft	O
b	O
cork	O
176	O

malawi	O
's	O
ex-president	O
banda	O
says	O
he	O
's	O
feeling	O
well	O
.	O

officials	O
in	O
netanyahu	O
's	O
office	O
were	O
not	O
immediately	O
available	O
for	O
comment	O
on	O
arafat	O
's	O
remarks	O
.	O

masterkova	O
dominated	O
the	O
middle-distance	O
races	O
at	O
the	O
recent	O
atlanta	B-MISC
games	E-MISC
following	O
her	O
return	O
to	O
competition	O
this	O
season	O
after	O
a	O
three-year	O
maternity	O
break	O
.	O

3.	O
norifumi	O
abe	O
(	O
japan	O
)	O
yamaha	O
1:50.858	O

tekstilshik	O
kamyshin	O
2	O
krylya	O
sovetov	O
samara	O
1	O

-docstart-	O

ipswich	O
,	O
port	O
vale	O
v	O
oxford	O
,	O
reading	O
v	O
stoke	O
,	O
southend	O
v	O

+6	O
scott	O
mccarron	O
76	O
70	O

an	O
orthopedic	O
surgeon	O
was	O
given	O
permission	O
by	O
the	O
child	O
's	O
parents	O
and	O
the	O
hospital	O
to	O
keep	O
the	O
foot	O
for	O
research	O
and	O
educational	O
purposes	O
.	O

three	O
year	O
10.5	O
pct	O
11.25	O

the	O
magazines	O
,	O
eva	O
tremila	O
and	O
its	O
sister	O
publication	O
gente	O
,	O
printed	O
up	O
to	O
26	O
pages	O
of	O
photos	O
of	O
the	O
woman	O
undressing	O
ducruet	O
,	O
the	O
pair	O
embracing	O
on	O
a	O
sunbed	O
and	O
finally	O
both	O
naked	O
.	O

baseball	O
-	O
major	B-MISC
league	E-MISC
standings	O
after	O
wednesday	O
's	O
games	O
.	O

its	O
exact	O
position	O
was	O
latitude	O
14.5	O
north	O
,	O
longitude	O
44.2	O
west	O
.	O

allen	O
declined	O
to	O
give	O
say	O
who	O
would	O
be	O
subpoenaed	O
.	O

saboteurs	O
blew	O
up	O
a	O
serb	S-MISC
orthodox	O
church	O
in	O
southern	O
croatia	O
on	O
friday	O
with	O
a	O
blast	O
which	O
also	O
damaged	O
four	O
nearby	O
homes	O
,	O
the	O
state	O
news	O
agency	O
hina	O
reported	O
.	O

"	O
iraqi	S-MISC
army	O
heavily	O
shelled	O
the	O
kanie	O
karzhala	O
camp	O
,	O
west	O
of	O
arbil	O
,	O
on	O
friday	O
...	O

-docstart-	O

-docstart-	O

sv	O
ried	O
0	O
sv	O
salzburg	O
4	O

worcestershire	O
13	O
3	O
3	O
7	O
33	O
48	O
150	O

laurence	O
courtois	O
(	O
belgium	O
)	O
beat	O
flora	O
perfetti	O
(	O
italy	O
)	O
6-4	O
3-6	O
6-2	O

"	O
the	O
worst	O
period	O
of	O
physical	O
manhandling	O
was	O
during	O
that	O
time	O
when	O
we	O
were	O
beaten	O
with	O
kalashnikovs	S-MISC
and	O
at	O
one	O
point	O
i	O
had	O
a	O
kalashnikov	S-MISC
held	O
to	O
the	O
back	O
of	O
my	O
throat	O
--	O
cocked	O
,	O
"	O
he	O
said	O
.	O

7.	O
hubert	O
grossard	O
(	O
belgium	O
)	O
13.65	O

grasshopper	O
2	O
lucerne	O
2	O

*	O

"	O
this	O
may	O
explain	O
some	O
mistakes	O
against	O
some	O
journalists	O
and	O
writers	O
,	O
"	O
he	O
said	O
.	O

four	O
shiny	O
new	O
green-and-yellow	O
john	O
deere	O
combines	O
parked	O
at	O
this	O
1,750-hectare	O
(	O
4,325-acre	O
)	O
farm	O
in	O
the	O
grain-growing	O
regions	O
south	O
of	O
kiev	O
do	O
n't	O
fill	O
its	O
chief	O
agronomist	O
with	O
enthusiasm	O
.	O

suwon	O
1	O
3	O
0	O
7	O
3	O
6	O

arkansas	O
has	O
been	O
spared	O
the	O
loss	O
of	O
predominantly	O
black	O
churches	O
to	O
arson	O
,	O
a	O
wave	O
that	O
has	O
claimed	O
an	O
estimated	O
30	O
houses	O
of	O
worship	O
across	O
the	O
south	O
in	O
the	O
past	O
several	O
months	O
.	O

israeli	S-MISC
travel	O
restrictions	O
,	O
imposed	O
after	O
bombings	O
by	O
moslem	S-MISC
militants	O
in	O
february	O
and	O
march	O
,	O
ban	O
most	O
of	O
the	O
two	O
million	O
arabs	S-MISC
in	O
the	O
west	O
bank	O
and	O
gaza	O
from	O
entering	O
jerusalem	O
.	O

8.	O
bernard	O
barmasai	O
(	O
kenya	O
)	O
8:17.94	O

"	O
sixty	O
days	O
ago	O
i	O
directed	O
the	O
attorney	O
general	O
to	O
draw	O
up	O
a	O
plan	O
for	O
a	O
national	O
registry	O
of	O
sex	O
offenders	O
,	O
"	O
clinton	O
said	O
.	O
"	O

the	O
censorship	O
office	O
denied	O
they	O
had	O
confiscated	O
the	O
newspapers	O
but	O
declined	O
to	O
say	O
when	O
they	O
could	O
go	O
on	O
sale	O
.	O

i	O
felt	O
that	O
all	O
the	O
other	O
things	O
i	O
was	O
doing	O
the	O
years	O
before	O
,	O
they	O
were	O
distracting	O
me	O
,	O
they	O
were	O
not	O
helping	O
me	O
at	O
all	O
.	O
"	O

he	O
was	O
imprisoned	O
for	O
four	O
years	O
in	O
1951	O
for	O
taking	O
part	O
in	O
a	O
coup	O
attempt	O
to	O
overthrow	O
peron	O
led	O
by	O
general	O
benjamin	O
menendez	O
.	O

the	O
express	O
passenger	O
train	O
travelling	O
from	O
steyr	O
,	O
southeast	O
of	O
linz	O
,	O
with	O
around	O
80	O
people	O
on	O
board	O
,	O
hit	O
the	O
back	O
of	O
a	O
service	O
locomotive	O
used	O
to	O
shunt	O
wagons	O
into	O
sidings	O
.	O

--	O
boston	O
bureau	O
,	O
617-367-4106	O

6.	O
erik	O
breukink	O
(	O
netherlands	O
)	O
rabobank	O
48	O

118	O
,	O
a.	O
cottey	O
70	O
)	O
.	O

the	O
swoop	O
followed	O
the	O
resignation	O
of	O
the	O
university	O
's	O
vice-chancellor	O
dr.	O
emajuddin	O
ahmed	O
on	O
saturday	O
over	O
the	O
deteriorating	O
law	O
and	O
order	O
situation	O
on	O
the	O
campus	O
.	O

voting	O
began	O
on	O
sunday	O
in	O
north	O
lebanon	O
in	O
the	O
second	O
round	O
of	O
parliamentary	O
elections	O
with	O
580,000	O
voters	O
eligible	O
to	O
choose	O
28	O
members	O
of	O
the	O
128-member	O
parliament	O
.	O

dnipro	O
dnipropetrovsk	O
2	O
cska	O
kiev	O
1	O

people	O
are	O
working	O
out	O
of	O
their	O
own	O
dedication	O
.	O
"	O

sks	O
tana	O
70	O
03/09	O
mideast	O
/	O
japan	O
w145	O
cnr	O
.	O

data	O
give	O
variation	O
in	O
employed	O
persons	O
,	O
in	O
thousands	O
.	O

18.	O
luxembourg	O
8.20	O

linda	O
wild	O
(	O
u.s.	O
)	O
beat	O
sung-hee	O
park	O
(	O
south	O
korea	O
)	O
6-2	O
6-3	O

"	O
we	O
are	O
ready	O
to	O
fight	O
to	O
our	O
last	O
breath	O
--	O
australia	O
must	O
play	O
at	O
its	O
absolute	O
best	O
to	O
win	O
,	O
"	O
said	O
newcombe	O
,	O
who	O
described	O
the	O
tie	O
as	O
the	O
toughest	O
he	O
has	O
faced	O
as	O
captain	O
.	O

the	O
poll	O
indicated	O
a	O
fall	O
in	O
the	O
number	O
of	O
people	O
who	O
believed	O
dole	O
would	O
be	O
able	O
to	O
fulfil	O
his	O
promise	O
to	O
cut	O
the	O
federal	O
budget	O
deficit	O
and	O
cut	O
income	O
taxes	O
by	O
15	O
percent	O
at	O
the	O
same	O
time	O
.	O

the	O
new	O
attacks	O
followed	O
by	O
a	O
day	O
a	O
warning	O
of	O
a	O
new	O
"	O
get-tough	O
"	O
policy	O
by	O
paris	O
toward	O
the	O
separatists	O
,	O
who	O
seek	O
greater	O
autonomy	O
.	O

-docstart-	O

garlic	O
pills	O
do	O
n't	O
lower	O
cholesterol	O
,	O
study	O
finds	O
.	O

fk	O
jablonec	O
3	O
viktoria	O
zizkov	O
1	O

rosati	O
said	O
russia	O
's	O
july	O
polls	O
,	O
in	O
which	O
yeltsin	O
won	O
re-election	O
,	O
showed	O
democracy	O
had	O
passed	O
an	O
important	O
test	O
and	O
the	O
russian	S-MISC
people	O
had	O
chosed	O
the	O
path	O
of	O
further	O
reforms	O
.	O

rebel	O
fighters	O
and	O
russian	S-MISC
soldiers	O
said	O
a	O
ceasefire	O
effective	O
at	O
noon	O
(	O
0800	O
gmt	S-MISC
)	O
on	O
friday	O
was	O
being	O
generally	O
observed	O
,	O
although	O
scattered	O
gunfire	O
echoed	O
through	O
the	O
chechen	S-MISC
capital	O
grozny	O
.	O

most	O
,	O
including	O
former	O
president	O
f.w.	O
de	O
klerk	O
and	O
african	O
national	O
congress	O
deputy	O
president	O
thabo	O
mbeki	O
,	O
offered	O
apologies	O
for	O
any	O
mistakes	O
they	O
had	O
made	O
and	O
accepted	O
broad	O
responsibility	O
for	O
the	O
actions	O
of	O
their	O
foot	O
soldiers	O
.	O

2.	O
ellina	O
zvereva	O
(	O
belarus	O
)	O
65.66	O

of	O
the	O
750	O
mid-to-large	O
size	O
corporations	O
surveyed	O
,	O
81	O
percent	O
had	O
undergone	O
a	O
major	O
restructuring	O
in	O
the	O
last	O
three	O
years	O
,	O
and	O
more	O
than	O
two-thirds	O
reported	O
that	O
productivity	O
and	O
profits	O
were	O
up	O
as	O
result	O
.	O

according	O
to	O
middle	B-MISC
east	I-MISC
economic	I-MISC
survey	E-MISC
(	O
mees	S-MISC
)	O
,	O
yemen	O
and	O
amoco	O
signed	O
a	O
"	O
memorandum	O
of	O
understanding	O
"	O
for	O
a	O
production-sharing	O
agreement	O
in	O
shabwa	B-MISC
block	I-MISC
no	I-MISC
.	E-MISC

the	O
other	O
elections	O
will	O
be	O
held	O
on	O
september	O
14	O
,	O
"	O
osce	O
spokeswoman	O
agota	O
kuperman	O
told	O
reporters	O
in	O
sarajevo	O
.	O

hawthorn	O
21	O
10	O
1	O
10	O
1791	O
1820	O
98.4	O
42	O

gold	O
(	O
ounce	O
)	O
..	O

san	O
diego	O
1996-08-26	O

6-	O
2	O
6-3	O

london	O
1996-08-28	O

wrexham	O
4	O
plymouth	O
4	O

5.	O
francesco	O
casagrande	O
(	O
italy	O
)	O

-	O
fears	O
of	O
an	O
israeli	S-MISC
operation	O
causes	O
the	O
redistribution	O
of	O
syrian	S-MISC
troops	O
locations	O
in	O
lebanon	O
.	O

7.	O
alexandre	O
gontchenkov	O
(	O
ukraine	O
)	O
67	O

colombia	O
's	O
coast	O
guard	O
on	O
thursday	O
rescued	O
12	O
people	O
lost	O
for	O
three	O
days	O
in	O
an	O
open	O
boat	O
off	O
the	O
pacific	O
coast	O
,	O
officials	O
said	O
.	O

soccer	O
-	O
sponsors	O
cash	O
in	O
on	O
ravanelli	O
's	O
shirt	O
dance	O
.	O

russian	S-MISC
security	O
chief	O
aleksander	O
lebed	O
faces	O
an	O
almost	O
impossible	O
task	O
in	O
chechnya	O
and	O
is	O
likely	O
to	O
be	O
sidelined	O
,	O
polish	S-MISC
foreign	O
minister	O
dariusz	O
rosati	O
was	O
reported	O
as	O
saying	O
on	O
wednesday	O
.	O

he	O
is	O
considered	O
extremely	O
dangerous	O
,	O
"	O
he	O
said	O
.	O

the	O
league	O
season	O
starts	O
on	O
september	O
8	O
.	O

-docstart-	O

jim	O
grabb	O
(	O
u.s.	O
)	O
vs.	O
sandon	O
stolle	O
(	O
australia	O
)	O

gdp	O

(	O
$	O
1	O
=	O
8.3	O
yuan	O
)	O

-docstart-	O

131	O
carl	O
suneson	O
65	O
66	O
,	O
stephen	O
field	O
66	O
65	O

219	O
eamonn	O
darcy	O
(	O
ireland	O
)	O
74	O
76	O
69	O
,	O
bob	O
may	O
(	O
u.s.	O
)	O
74	O
75	O
70	O
,	O

halftime	O
0-1	O
.	O

"	O
it	O
's	O
not	O
unfortunate	O
,	O
it	O
's	O
incompetent	O
,	O
"	O
he	O
declared	O
.	O

13	O
-	O
thomas	O
enqvist	O
(	O
sweden	O
)	O
vs.	O
stephane	O
simian	O
(	O
france	O
)	O

european	S-MISC
bourses	O
closed	O
mixed	O
on	O
tuesday	O
with	O
london	O
clawing	O
back	O
most	O
of	O
the	O
day	O
's	O
losses	O
despite	O
an	O
unsteady	O
start	O
on	O
wall	O
street	O
,	O
hit	O
by	O
inflation	O
worries	O
.	O

wasim	O
akram	O
(	O
pakistan	O
)	O
300	O
,	O
70	O

traders	O
said	O
positive	O
comment	O
from	O
investment	O
banks	O
merrill	O
lynch	O
and	O
sbc	O
warburg	O
also	O
fueled	O
the	O
gains	O
.	O

the	O
spokesman	O
said	O
ekeus	O
,	O
chairman	O
of	O
the	O
united	O
nations	O
special	O
commission	O
(	O
unscom	O
)	O
,	O
would	O
spend	O
two	O
or	O
three	O
days	O
in	O
iraq	O
but	O
declined	O
to	O
give	O
further	O
details	O
.	O

friday	O
,	O
august	O
30	O
:	O

-docstart-	O

soccer	O
-	O
dutch	S-MISC
first	O
division	O
summary	O
.	O

more	O
recently	O
political	O
commentators	O
have	O
reported	O
a	O
growing	O
consensus	O
,	O
however	O
,	O
and	O
a	O
rift	O
at	O
the	O
meeting	O
looks	O
increasingly	O
unlikely	O
.	O

first	O
race	O

brussels	O
1996-08-28	O

1996-08-27	O

dole	O
said	O
70	O
percent	O
of	O
the	O
cocaine	O
that	O
entered	O
the	O
united	O
states	O
and	O
40	O
percent	O
of	O
the	O
marijuana	O
came	O
from	O
mexico	O
.	O
"	O

some	O
27	O
people	O
were	O
rescued	O
from	O
the	O
private	O
jail	O
set	O
up	O
by	O
the	O
police	O
.	O

