(	O
czk	O
)	O
(	O
czk	O
)	O
(	O
shares	O
)	O
(	O
czk	O
000	O
's	O
)	O

hunter	O

no	O
new	O
deficit	O
forecast	O
has	O
been	O
issued	O
so	O
far	O
.	O

a	O
court	O
sentenced	O
two	O
in	O
december	O
and	O
the	O
third	O
in	O
january	O
.	O

stabaek	O
20	O
7	O
8	O
5	O
41	O
34	O
29	O

new	O
york	O
73	O
54	O
.575	O
-	O

chicago	O
63	O
62	O
.504	O
4	O

paris	O
2,020.82	O
+3.06	O
2,146.79	O
1,897.85	O

a	O
european	O
union	O
sale	O
of	O
234,324	O
tonnes	O
of	O
german	O
intervention	O
barley	O
is	O
worth	O
some	O
$	O
145	O
per	O
tonne	O
fob	O
germany	O
and	O
is	O
mostly	O
destined	O
for	O
saudi	O
arabia	O
,	O
european	O
grain	O
sources	O
said	O
on	O
thursday	O
.	O

prague	O
1996-08-27	O

1.	O
mariacarla	B-PER
bresciani	E-PER
(	O
italy	O
)	O
3.85	O
metres	O

mother	B-PER
teresa	E-PER
's	O
condition	O
improved	O
on	O
sunday	O
as	O
her	O
fever	O
abated	O
,	O
and	O
on	O
monday	O
she	O
was	O
able	O
to	O
scribble	O
notes	O
to	O
doctors	O
and	O
nuns	O
.	O

although	O
officials	O
decline	O
to	O
say	O
just	O
what	O
each	O
day	O
's	O
"	O
news	O
"	O
will	O
be	O
,	O
the	O
intent	O
is	O
to	O
put	O
a	O
focus	O
on	O
clinton	S-PER
himself	O
and	O
not	O
just	O
those	O
attending	O
the	O
party	O
's	O
convention	O
.	O

arsenal	O
3	O
2	O
0	O
1	O
4	O
2	O
6	O

milwaukee	O
61	O
68	O
.473	O
15	O
1/2	O

net	O
nil	O
loss	O
447	O
mln	O

of	O
that	O
amount	O
,	O
4.05	O
million	O
and	O
5.67	O
million	O
shares	O
will	O
be	O
allocated	O
to	O
the	O
company	O
's	O
trade	O
creditors	O
.	O

a	O
belgian	O
man	O
died	O
and	O
31	O
people	O
were	O
injured	O
after	O
an	O
accident	O
in	O
friday	O
's	O
opening	O
phase	O
of	O
the	O
world	O
championship	O
1,000	O
lakes	O
rally	O
.	O

-docstart-	O

christie	S-PER
belongs	O
to	O
them	O
.	O

jul	O
31	O
,	O
jul	O
31	O
,	O
jul	O
31	O
,	O
jul	O
31	O
,	O

willem	O
ii	O
tilburg	O
3	O
0	O
1	O
2	O
1	O
4	O
1	O

nottinghamshire	O
8	O
points	O
,	O
surrey	O
7	O
.	O

i	O
got	O
the	O
good	O
part	O
of	O
the	O
bat	O
on	O
it	O
and	O
it	O
carried	O
out	O
.	O
"	O

sport	O
recife	O
5	O
2	O
1	O
2	O
7	O
6	O
7	O

new	O
york	O
1996-08-29	O

hong	O
kong	O
financial	O
secretary	O
donald	B-PER
tsang	E-PER
will	O
visit	O
indonesia	O
and	O
new	O
zealand	O
from	O
august	O
25	O
to	O
31	O
,	O
the	O
government	O
said	O
on	O
friday	O
.	O

new	O
york	O
1996-08-27	O

47-10-116-2	O
,	O
cork	S-PER
23-5-71-1	O
,	O
salisbury	S-PER
29-3-116-1	O

men	O
's	O
400	O
metres	O
hurdles	O

seoul	O
1996-08-29	O

the	O
side	O
from	O
northern	O
france	O
,	O
forced	O
to	O
fight	O
an	O
uphill	O
battle	O
from	O
then	O
on	O
,	O
pulled	O
level	O
thanks	O
to	O
tony	B-PER
vairelles	E-PER
in	O
the	O
eighth	O
minute	O
but	O
young	O
striker	O
fabien	B-PER
lefevre	E-PER
made	O
it	O
two	O
for	O
montpellier	O
five	O
minutes	O
later	O
.	O

-docstart-	O

london	O
1996-08-28	O

-	O
internal	O
security	O
minister	O
kahalani	S-PER
warns	O
cabinet	O
of	O
increase	O
in	O
organised	O
crime	O
.	O

division	O
one	O

baseball	O
-	O
major	O
league	O
standings	O
after	O
thursday	O
's	O
games	O
.	O

6.	O
carlos	B-PER
sainz	E-PER
(	O
spain	O
)	O
ford	O
escort	O
3:03	O

we	O
have	O
a	O
record	O
of	O
going	O
beyond	O
regulatory	O
requirements	O
...	O
and	O
we	O
consistently	O
share	O
the	O
most	O
current	O
information	O
available	O
...	O
with	O
customers	O
and	O
employees	O
.	O
"	O

manly	O
21	O
17	O
0	O
4	O
501	O
181	O
34	O

the	O
26-year-old	O
brazilian	O
had	O
risen	O
into	O
the	O
top	O
30	O
in	O
1992	O
.	O

draws	O
for	O
the	O
first	O
round	O
of	O
the	O
european	O
club	O
soccer	O
competitions	O
made	O
on	O
friday	O
(	O
x	O
denotes	O
seeded	O
team	O
)	O
:	O

-docstart-	O

pro	O
forma	O
net	O
income	O

he	O
said	O
there	O
had	O
been	O
searches	O
at	O
three	O
sites	O
on	O
sunday	O
,	O
including	O
one	O
at	O
the	O
charleroi	O
judicial	O
police	O
headquarters	O
where	O
zicot	S-PER
worked	O
.	O

major	O
league	O
baseball	O

-docstart-	O

2.	O
isaac	B-PER
viciosa	E-PER
(	O
spain	O
)	O
3:33.00	O

wolf	S-PER
ordered	O
the	O
depositions	O
to	O
determine	O
if	O
he	O
or	O
u.s.	O
district	O
judge	O
john	B-PER
bissell	E-PER
of	O
newark	O
should	O
preside	O
over	O
the	O
case	O
.	O

-docstart-	O

iraqi	O
kurdish	O
areas	O
bordering	O
iran	O
are	O
under	O
the	O
control	O
of	O
guerrillas	O
of	O
the	O
iraqi	O
kurdish	O
patriotic	O
union	O
of	O
kurdistan	O
(	O
puk	O
)	O
group	O
.	O

washington	O
's	O
new	O
ambassador	O
to	O
saudi	O
arabia	O
,	O
wyche	O
fowler	S-PER
,	O
arrived	O
in	O
the	O
kingdom	O
to	O
take	O
up	O
his	O
post	O
,	O
the	O
u.s.	O
embassy	O
in	O
riyadh	O
said	O
on	O
thursday	O
.	O

-docstart-	O

new	O
york	O
59	O
73	O
.447	O
23	O

18.	O
ricardo	B-PER
rosset	E-PER
(	O
brazil	O
)	O
arrows	O
1:56.286	O

"	O
in	O
my	O
opinion	O
september	O
18	O
would	O
be	O
a	O
convenient	O
date	O
for	O
the	O
government	O
to	O
answer	O
questions	O
.	O

-docstart-	O

soccer	O
-	O
french	O
league	O
standings	O
.	O

currencies	O
at	O
1500	O
gmt	O

i	O
think	O
probably	O
if	O
the	O
decision	O
(	O
to	O
cancell	O
)	O
were	O
to	O
be	O
taken	O
it	O
would	O
probably	O
be	O
all	O
municipal	O
elections	O
..	O

played	O
saturday	O
:	O

her	O
attacker	O
,	O
identified	O
only	O
as	O
jerzy	B-PER
l.	E-PER
,	O
36	O
,	O
was	O
arrested	O
by	O
police	O
and	O
will	O
appear	O
in	O
court	O
on	O
thursday	O
morning	O
,	O
television	O
reported	O
.	O

minnesota	O
65	O
64	O
.504	O
11	O

2	O
-	O
zhang	B-PER
ning	E-PER
(	O
china	O
)	O
beat	O
olivia	S-PER
(	O
indonesia	O
)	O
11-8	O
11-6	O

-docstart-	O

women	O
's	O
singles	O

sloboda	O
3	O
0	O
1	O
2	O
4	O
8	O
1	O

colorado	O
10	O
st	O
louis	O
2	O

south	O
africa	O
yet	O
to	O
hear	O
from	O
apartheid	O
enforcers	O
.	O

soccer	O
-	O
vogts	S-PER
keeps	O
faith	O
with	O
euro	O
'	O
96	O
champions	O
.	O

the	O
pair	O
,	O
identified	O
only	O
as	O
43-year-old	O
clerk	O
dieter	B-PER
u	E-PER
and	O
businessman	O
thomas	B-PER
s	E-PER
,	O
33	O
,	O
are	O
alleged	O
to	O
have	O
carried	O
out	O
acts	O
of	O
sexual	O
indecency	O
with	O
children	O
as	O
young	O
as	O
10	O
years	O
old	O
between	O
1994	O
and	O
1995	O
.	O

a	O
former	O
lawyer	O
,	O
he	O
was	O
in	O
the	O
front	O
line	O
of	O
president	O
bill	B-PER
clinton	E-PER
's	O
battle	O
with	O
the	O
republican-led	O
congress	O
over	O
the	O
budget	O
but	O
has	O
opposed	O
the	O
president	O
's	O
decision	O
to	O
sign	O
the	O
republican-written	O
welfare	O
reform	O
bill	O
.	O

thomson	S-PER
resigned	O
after	O
the	O
club	O
's	O
directors	O
asked	O
him	O
to	O
return	O
to	O
his	O
previous	O
position	O
as	O
youth	O
team	O
coach	O
.	O

the	O
wsrl	O
plant	O
,	O
located	O
in	O
the	O
western	O
indian	O
state	O
of	O
gujarat	O
,	O
will	O
have	O
a	O
capacity	O
to	O
manufacture	O
175,000	O
tonnes	O
per	O
annum	O
of	O
longitudinal	O
pipes	O
and	O
25,000	O
tonnes	O
per	O
annum	O
of	O
spiral	O
welded	O
pipes	O
,	O
the	O
statement	O
said	O
.	O

summaries	O
of	O
bundesliga	O
matches	O
on	O
friday	O
:	O

officials	O
from	O
the	O
organisation	O
for	O
security	O
and	O
cooperation	O
in	O
europe	O
(	O
osce	O
)	O
are	O
considering	O
the	O
postponement	O
following	O
allegations	O
of	O
serious	O
irregularities	O
in	O
the	O
registration	O
of	O
serb	O
refugees	O
.	O

every	O
time	O
he	O
finds	O
the	O
net	O
,	O
the	O
grey-haired	O
forward	O
pulls	O
his	O
shirtfront	O
over	O
his	O
head	O
as	O
he	O
runs	O
to	O
salute	O
the	O
fans	O
,	O
and	O
middlesbrough	O
's	O
sponsors	O
want	O
to	O
cash	O
in	O
on	O
the	O
spectacle	O
.	O

several	O
hundred	O
workers	O
also	O
marched	O
in	O
the	O
western	O
town	O
of	O
indre	O
where	O
500	O
or	O
1,600	O
jobs	O
are	O
at	O
risk	O
.	O

peres	S-PER
is	O
expected	O
to	O
fly	O
home	O
on	O
friday	O
,	O
officials	O
said	O
.	O

he	O
spent	O
a	O
year	O
under	O
house	O
arrest	O
and	O
was	O
tried	O
but	O
acquitted	O
last	O
year	O
on	O
charges	O
of	O
ordering	O
the	O
murder	O
of	O
four	O
opponents	O
in	O
1983	O
.	O

-docstart-	O

"	O
the	O
reaction	O
of	O
the	O
regime	O
there	O
is	O
such	O
that	O
many	O
of	O
us	O
feel	O
that	O
the	O
mission	O
under	O
the	O
present	O
circumstances	O
should	O
n't	O
go	O
ahead	O
,	O
"	O
axworthy	S-PER
said	O
.	O

i	O
believe	O
this	O
policy	O
has	O
not	O
changed	O
,	O
"	O
he	O
said	O
.	O

lost	O
,	O
winning	O
percentage	O
and	O
games	O
behind	O
)	O
:	O

portuguesa	O
2	O
parana	O
0	O

brentford	O
3	O
2	O
1	O
0	O
6	O
3	O
7	O

balance	O
+3,831	O
+3,428	O
+12,696	O
+15,272	O

motocross	O
-	O
german	O
125cc	O
grand	O
prix	O
results	O
.	O

montreal	O
70	O
59	O
.543	O
11	O

17.	O
siofok	O
3	O
-	O
-	O
3	O
2	O
7	O
0	O

-	O
cabinet	O
puts	O
off	O
decision	O
on	O
foreign	O
workers	O
.	O

northamptonshire	O
13	O
2	O
6	O
5	O
30	O
43	O
120	O

atlanta	O
at	O
pittsburgh	O

-docstart-	O

-docstart-	O

-docstart-	O

-docstart-	O

maskhadov	S-PER
warned	O
that	O
lebed	S-PER
risked	O
the	O
same	O
fate	O
as	O
a	O
former	O
russian	O
army	O
commander	O
in	O
the	O
region	O
who	O
sought	O
a	O
compromise	O
and	O
was	O
blown	O
up	O
last	O
year	O
by	O
--	O
so	O
the	O
chechens	O
say	O
--	O
russian	O
forces	O
.	O

-docstart-	O

colombia	O
would	O
be	O
allowed	O
to	O
add	O
new	O
service	O
when	O
its	O
safety	O
assessment	O
has	O
been	O
improved	O
,	O
the	O
department	O
said	O
.	O

--	O
london	O
newsroom	O
+44	O
171	O
542	O
7717	O

feyenoord	O
rotterdam	O
1	O
0	O
1	O
0	O
1	O
1	O
1	O

tomorrow	O
...	O

brussels	O
1996-08-23	O

she	O
said	O
her	O
divine	O
call	O
to	O
work	O
among	O
the	O
poor	O
came	O
in	O
september	O
,	O
1946	O
.	O
"	O

brazil	O
gov't	O
set	O
to	O
send	O
1997	O
budget	O
to	O
congress	O
.	O

6	O
-	O
malivai	B-PER
washington	E-PER
(	O
u.s.	O
)	O
beat	O
alex	B-PER
corretja	E-PER
(	O
spain	O
)	O
6-4	O

nice	O
,	O
france	O
1996-08-29	O

-docstart-	O

revised	O
world	O
championship	O
standings	O
(	O
after	O
nine	O
rounds	O
)	O
:	O

-	O
pakistan	O
and	O
iran	O
have	O
agreed	O
to	O
expand	O
and	O
strengthen	O
political	O
,	O
trade	O
and	O
economic	O
relations	O
.	O

-docstart-	O

first	O
24	O
weeks	O
1996	O

-docstart-	O

werder	O
bremen	O
4	O
1	O
1	O
2	O
5	O
6	O
4	O

collinelli	S-PER
qualified	O
in	O
second	O
place	O
,	O
also	O
beating	O
his	O
old	O
record	O
in	O
4:17.696	O
.	O

9.	O
worku	B-PER
bekila	E-PER
(	O
ethiopia	O
)	O
28.42.23	O

the	O
french	O
procedure	O
was	O
expected	O
to	O
be	O
completed	O
before	O
october	O
2	O
,	O
when	O
the	O
national	O
assembly	O
is	O
to	O
reconvene	O
after	O
a	O
summer	O
break	O
,	O
but	O
the	O
european	O
procedure	O
was	O
expected	O
to	O
take	O
longer	O
.	O

hanwha	O
12	O
ssangbangwool	O
5	O

halftime	O
0-2	O
.	O

sierra	O
leonean	O
rebels	O
killed	O
31	O
villagers	O
and	O
seven	O
soldiers	O
in	O
an	O
attack	O
on	O
the	O
eastern	O
village	O
of	O
foindu	O
,	O
eastern	O
region	O
brigade	O
commander	O
major	O
fallah	B-PER
sewa	E-PER
said	O
on	O
wednesday	O
.	O

earlier	O
,	O
the	O
director	O
of	O
the	O
president	O
's	O
office	O
denied	O
a	O
report	O
in	O
israel	O
's	O
yedioth	O
ahronoth	O
newspaper	O
that	O
weizman	S-PER
had	O
already	O
invited	O
arafat	S-PER
to	O
his	O
private	O
home	O
for	O
talks	O
in	O
the	O
coming	O
week	O
on	O
the	O
future	O
of	O
the	O
israel-plo	O
peace	O
process	O
.	O

raja	O
casablanca	O
4	O
tetouan	O
0	O

atlanta	O
at	O
pittsburgh	O

bolton	O
3	O
2	O
1	O
0	O
5	O
2	O
7	O

following	O
are	O
some	O
of	O
the	O
main	O
factors	O
likely	O
to	O
affect	O
indonesian	O
stocks	O
on	O
thursday	O
:	O

united	O
nations	O
1996-08-22	O

bayer	O
leverkusen	O
0	O
fortuna	O
duesseldorf	O
1	O
(	O
seeliger	S-PER
47th	O
)	O
.	O

gornik	O
zabrze	O
7	O
1	O
1	O
5	O
6	O
10	O
4	O

the	O
senate	O
vote	O
also	O
annulled	O
a	O
substitute	O
version	O
of	O
dutra	S-PER
's	O
bill	O
which	O
had	O
sought	O
to	O
dedicate	O
revenue	O
from	O
vale	O
's	O
privatization	O
to	O
regional	O
infrastructure	O
projects	O
.	O

-docstart-	O

1860	O
munich	O
1	O
(	O
schwabl	S-PER
38th	O
)	O
borussia	O
dortmund	O
3	O
(	O
zorc	S-PER

cynthia	B-PER
mckinney	E-PER
said	O
:	O
"	O
you	O
make	O
your	O
moral	O
decisions	O
.	O

white	S-PER
added	O
a	O
solo	O
homer	O
,	O
his	O
11th	O
,	O
off	O
reliever	O
mark	B-PER
petkovsek	E-PER
with	O
one	O
out	O
in	O
the	O
fifth	O
,	O
giving	O
the	O
marlins	O
a	O
6-0	O
lead	O
.	O

6.	O
dusan	B-PER
kovacs	E-PER
(	O
hungary	O
)	O
49.31	O

dnipro	O
6	O
4	O
1	O
1	O
13	O
6	O
13	O

"	O
that	O
is	O
the	O
plan	O
at	O
the	O
moment	O
.	O

-docstart-	O

mayfair	S-PER
bogeyed	O
the	O
17th	O
,	O
missing	O
a	O
five	O
foot	O
par	O
putt	O
,	O
and	O
dropped	O
from	O
solo	O
second	O
place	O
to	O
a	O
three	O
way	O
tie	O
for	O
second	O
.	O

nasser	B-PER
hussain	E-PER
2	O
3	O
0	O
111	O
51	O
37.00	O

but	O
medvedev	S-PER
's	O
ranking	O
slowly	O
began	O
to	O
drop	O
last	O
year	O
as	O
he	O
struggled	O
with	O
a	O
wrist	O
injury	O
.	O

+3	O
tom	B-PER
lehman	E-PER
through	O
11	O

slovan	O
liberec	O
3	O
1	O
1	O
1	O
5	O
4	O
4	O

played	O
on	O
friday	O
:	O

national	O
league	O

spartak	O
3	O
1	O
1	O
1	O
3	O
3	O
4	O

-docstart-	O

manchester	O
,	O
england	O
1996-08-29	O

"	O
he	O
had	O
climbed	O
up	O
in	O
this	O
boxcar	O
to	O
get	O
out	O
of	O
the	O
weather	O
and	O
to	O
get	O
some	O
sleep	O
,	O
"	O
jewell	S-PER
said	O
.	O
"	O

2	O
-	O
rodney	B-PER
eyles	E-PER
(	O
australia	O
)	O
beat	O
zubair	B-PER
jahan	I-PER
khan	E-PER
(	O
pakistan	O
)	O
15-10	O
15-8	O
9-15	O
13-15	O
15-4	O
.	O

that	O
compared	O
with	O
the	O
previous	O
poll	O
's	O
48-43	O
lead	O
for	O
the	O
democrats	O
.	O

indeed	O
,	O
a	O
nice	O
glass	O
of	O
chardonnay	O
or	O
white	O
zinfandel	O
was	O
going	O
for	O
$	O
4.75	O
,	O
while	O
an	O
imported	O
beer	O
was	O
just	O
a	O
bit	O
more	O
than	O
the	O
water	O
at	O
$	O
4.50	O
.	O

despite	O
a	O
mood	O
of	O
compromise	O
in	O
the	O
region	O
after	O
some	O
of	O
the	O
worst	O
fighting	O
of	O
the	O
war	O
,	O
lebed	S-PER
may	O
be	O
just	O
finding	O
out	O
that	O
concluding	O
a	O
long-term	O
settlement	O
,	O
somewhere	O
between	O
rebel	O
demands	O
for	O
independence	O
and	O
moscow	O
's	O
insistence	O
that	O
chechnya	O
remain	O
part	O
of	O
russia	O
,	O
will	O
be	O
no	O
easy	O
matter	O
.	O

palestinians	O
have	O
been	O
pressing	O
israel	O
to	O
carry	O
out	O
a	O
long-delayed	O
partial	O
troop	O
pullout	O
from	O
the	O
flashpoint	O
west	O
bank	O
city	O
of	O
hebron	O
agreed	O
by	O
the	O
previous	O
labour	O
government	O
.	O

"	O
(	O
chamorro	S-PER
)	O
is	O
in	O
good	O
health	O
and	O
,	O
according	O
to	O
her	O
doctors	O
,	O
will	O
be	O
able	O
to	O
return	O
to	O
nicaragua	O
next	O
week	O
,	O
"	O
it	O
said	O
.	O

genoa	O
,	O
italy	O
1996-08-29	O

scoreboard	O
on	O
the	O
second	O
day	O
of	O

maybe	O
it	O
was	O
a	O
combination	O
of	O
the	O
heat	O
and	O
something	O
i	O
ate	O
.	O
"	O

barnagar	O
n.a	O
yellow	O
-	O
-	O

203	O
lee	B-PER
westwood	E-PER
66	O
71	O
66	O
,	O
gary	B-PER
emerson	E-PER
68	O
69	O
66	O
,	O
peter	B-PER
baker	E-PER

bordeaux	O
4	O
1	O
3	O
0	O
3	O
2	O
6	O

pakistan	O
318-2	O
(	O
saeed	B-PER
anwar	E-PER
169	O
not	O
out	O
,	O
ijaz	B-PER
ahmed	E-PER
61	O
)	O
.	O

previous	O

7.	O

"	O
we	O
want	O
to	O
help	O
turn	O
down	O
the	O
rhetoric	O
in	O
a	O
country	O
that	O
borders	O
former	O
yugoslavia	O
yet	O
in	O
which	O
people	O
are	O
still	O
talking	O
about	O
secession	O
,	O
"	O
he	O
added	O
.	O

the	O
latest	O
indicators	O
:	O

wigan	O
78	O
workington	O
4	O

results	O
of	O
english	O
league	O
matches	O

ethiopia	O
won	O
4-2	O
penalties	O
.	O

amsterdam	O
1996-08-28	O

georgia	O
rep	O
.	O

high-priced	O
corn	O
and	O
increased	O
demand	O
for	O
livestock	O
feed	O
continued	O
to	O
support	O
millfeed	O
prices	O
in	O
nearly	O
all	O
sectors	O
.	O

lokeren	O
4	O
1	O
1	O
2	O
4	O
5	O
4	O

total	O
(	O
for	O
seven	O
wickets	O
-	O
50	O
overs	O
)	O
263	O

we	O
can	O
neither	O
confirm	O
nor	O
deny	O
that	O
report	O
,	O
"	O
he	O
said	O
.	O

"	O
it	O
is	O
difficult	O
but	O
i	O
want	O
to	O
assure	O
you	O
that	O
peace	O
is	O
in	O
sight	O
.	O
"	O

he	O
said	O
the	O
mia	S-PER
's	O
issue	O
had	O
been	O
raised	O
in	O
the	O
house	O
of	O
commons	O
.	O

options	O
-	O
euro	O
debt	O
vols	O
seen	O
regrouping	O
after	O
fall	O
.	O

the	O
players	O
relived	O
the	O
moves	O
and	O
tries	O
,	O
the	O
tackles	O
and	O
what	O
might	O
have	O
been	O
as	O
the	O
emotions	O
of	O
victory	O
continued	O
.	O

baseball	O
-	O
results	O
of	O
s.	O
korean	O
pro-baseball	O
games	O
.	O

i	O
was	O
talking	O
about	O
drugs	O
.	O

-docstart-	O

11-1	O

3.	O
kocinski	S-PER
254	O

other	O
men	O
's	O
winners	O
included	O
a	O
pair	O
of	O
former	O
grand	O
slam	O
tournament	O
champions	O
whose	O
victories	O
set	O
up	O
a	O
showdown	O
in	O
the	O
second	O
round	O
.	O

taibe	O
,	O
israel	O
1996-08-23	O

baltimore	O
70	O
62	O
.530	O
4	O

3.	O
nastja	B-PER
rysich	E-PER
(	O
germany	O
)	O
3.75	O

anne	B-PER
thily	E-PER
,	O
public	O
prosecutor	O
in	O
the	O
eastern	O
city	O
of	O
liege	O
where	O
julie	S-PER
and	O
melissa	S-PER
lived	O
,	O
said	O
this	O
was	O
a	O
major	O
case	O
involving	O
some	O
50	O
investigators	O
--	O
including	O
two	O
from	O
the	O
u.s.	O
federal	O
bureau	O
of	O
investigation	O
.	O

"	O
the	O
boy	O
came	O
from	O
china	O
's	O
eastern	O
province	O
of	O
jiangsu	O
.	O

guingamp	O
2	O
monaco	O
1	O

over	O
20,000	O
people	O
have	O
been	O
killed	O
in	O
the	O
pkk	O
's	O
fight	O
for	O
independence	O
or	O
autonomy	O
in	O
southeastern	O
turkey	O
.	O

cycling	O
-	O
swiss	O
grand	O
prix	O
result	O
.	O

st	O
pauli	O
4	O
(	O
driller	S-PER
15th	O
,	O
trulsen	S-PER
54th	O
,	O
springer	S-PER
64th	O
,	O
sobotzik	S-PER
67th	O
penalty	O
)	O
schalke	O
4	O
(	O
max	S-PER
11th	O
,	O
thon	S-PER
34th	O
,	O
wilmots	S-PER
38th	O
,	O
springer	S-PER
64th	O
)	O
.	O

cricket	O
-	O
england	O
beat	O
pakistan	O
in	O
first	O
one-dayer	O
.	O

recriminations	O
built	O
up	O
over	O
how	O
the	O
scandal	O
's	O
central	O
figure	O
,	O
convicted	O
child	O
rapist	O
marc	B-PER
dutroux	E-PER
,	O
managed	O
to	O
prey	O
on	O
children	O
unhindered	O
for	O
so	O
long	O
.	O

exercise	O
period	O
02.sep.96-06.mar.97	O
paydate	O
30.aug.96	O

--	O
johannesburg	O
newsroom	O
,	O
+27	O
11	O
482	O
1003	O

-docstart-	O

soccer	O
-	O
result	O
of	O
german	O
first	O
division	O
match	O
.	O

promising	O
10th-ranked	O
american	O
chanda	B-PER
rubin	E-PER
has	O
pulled	O
out	O
of	O
the	O
u.s.	O
open	O
tennis	O
championships	O
with	O
a	O
wrist	O
injury	O
,	O
tournament	O
officials	O
announced	O
.	O

saying	O
he	O
needed	O
to	O
tidy	O
up	O
legal	O
loose	O
ends	O
on	O
the	O
deal	O
--	O
and	O
also	O
cover	O
his	O
back	O
against	O
unnamed	O
pro-war	O
schemers	O
in	O
moscow	O
--	O
he	O
flew	O
back	O
to	O
the	O
capital	O
empty-handed	O
on	O
sunday	O
.	O

the	O
move	O
came	O
after	O
amman	O
blamed	O
iraq	O
and	O
a	O
pro-baghdad	O
local	O
political	O
party	O
for	O
last	O
week	O
's	O
worst	O
unrest	O
in	O
seven	O
years	O
after	O
a	O
government	O
decision	O
to	O
double	O
prices	O
of	O
bread	O
.	O

peter	B-PER
laca	E-PER

yeltsin	S-PER
's	O
spokesman	O
said	O
he	O
might	O
meet	O
officials	O
during	O
his	O
break	O
,	O
but	O
indicated	O
lebed	S-PER
was	O
low	O
on	O
the	O
list	O
by	O
saying	O
yeltsin	S-PER
would	O
need	O
time	O
to	O
study	O
the	O
proposals	O
before	O
talking	O
to	O
him	O
.	O

israel	O
's	O
channel	O
two	O
television	O
said	O
damascus	O
had	O
sent	O
a	O
"	O
calming	O
signal	O
"	O
to	O
israel	O
.	O

-	O
king	O
to	O
visit	O
bahrain	O
soon	O
.	O

minnetonka	O
,	O
minn	O
.	O

he	O
said	O
stallone	S-PER
,	O
best	O
known	O
for	O
the	O
"	O
rocky	O
"	O
and	O
"	O
rambo	O
"	O
movies	O
,	O
left	O
the	O
set	O
of	O
"	O
copland	O
,	O
"	O
which	O
is	O
filming	O
in	O
new	O
york	O
and	O
new	O
jersey	O
,	O
to	O
be	O
with	O
flavin	S-PER
for	O
the	O
birth	O
.	O

"	O
it	O
was	O
called	O
the	O
"	O
first	O
battle	O
of	O
the	O
newbury	O
bypass	O
'	O
,	O
"	O
said	O
arc	O
's	O
harding	S-PER
.	O

-	O
speech	O
/	O
96	O
/	O
202	O
:	O
speech	O
by	O
european	O
commissioner	O
anita	B-PER
gradin	E-PER
at	O
the	O
world	O
congress	O
against	O
sexual	O
exploitation	O
of	O
children	O
in	O
stockholm	O
.	O

russian	O
television	O
showed	O
a	O
brief	O
clip	O
of	O
boris	B-PER
yeltsin	E-PER
on	O
thursday	O
,	O
with	O
the	O
president	O
laughing	O
and	O
smiling	O
as	O
he	O
spoke	O
to	O
nominee	O
health	O
minister	O
tatyana	B-PER
dmitrieva	E-PER
.	O

the	O
bosnian	O
serb	O
cabinet	O
,	O
in	O
a	O
letter	O
to	O
the	O
osce	O
,	O
said	O
on	O
monday	O
that	O
any	O
delay	O
of	O
local	O
elections	O
would	O
be	O
"	O
a	O
direct	O
and	O
flagrant	O
violation	O
fo	O
the	O
dayton	O
agreement	O
"	O
.	O

4	O
-	O
peter	B-PER
nicol	E-PER
(	O
scotland	O
)	O
beat	O
julian	B-PER
wellings	E-PER
(	O
england	O
)	O
15-8	O

egypt	O
wants	O
nothing	O
to	O
do	O
with	O
sudanese	O
rulers	O
.	O

extras	O
(	O
lb-11	O
w-1	O
nb-8	O
)	O
20	O

ten	O
missing	O
in	O
north	O
china	O
ship	O
collision	O
.	O

6-3	O

it	O
would	O
be	O
great	O
to	O
have	O
him	O
here	O
.	O

skeid	O
19	O
10	O
2	O
7	O
29	O
30	O
32	O

more	O
than	O
100	O
delegates	O
flew	O
in	O
from	O
around	O
the	O
world	O
to	O
elect	O
a	O
successor	O
.	O

the	O
rights	O
issue	O
also	O
prompted	O
dilution	O
fears	O
,	O
"	O
said	O
a	O
dealing	O
director	O
at	O
a	O
local	O
brokerage	O
.	O

puk	O
and	O
iraq	O
's	O
kurdistan	O
democratic	O
party	O
(	O
kdp	O
)	O
the	O
two	O
main	O
iraqi	O
kurdish	O
factions	O
,	O
have	O
had	O
northern	O
iraq	O
under	O
their	O
control	O
since	O
iraqi	O
forces	O
were	O
ousted	O
from	O
kuwait	O
in	O
the	O
1991	O
gulf	O
war	O
.	O

batting	O
:	O

-docstart-	O

amica	O
wronki	O
3	O
hutnik	O
krakow	O
0	O

but	O
she	O
said	O
more	O
had	O
to	O
be	O
done	O
.	O

3.	O
john	B-PER
ridgeon	E-PER
(	O
britain	O
)	O
49.83	O

the	O
israeli	O
army	O
also	O
uses	O
the	O
area	O
for	O
military	O
training	O
.	O

brasilia	O
1996-08-27	O

the	O
nepali	O
congress	O
leads	O
the	O
three-party	O
coalition	O
government	O
while	O
the	O
uml	O
is	O
the	O
main	O
opposition	O
party	O
.	O

-	O
worldwide	O
alarm	O
over	O
child	O
prostitution	O

gopal	B-PER
sharma	E-PER

tirana	O
1996-08-27	O

individual	O
pursuit	O
semifinals	O
(	O
over	O
4,000	O
metres	O
)	O
:	O

"	O
because	O
our	O
leaders	O
have	O
started	O
to	O
behave	O
with	O
extreme	O
hostility	O
towards	O
the	O
interests	O
of	O
their	O
peoples	O
to	O
court	O
the	O
goodwill	O
of	O
the	O
americans	O
and	O
the	O
zionists	O
,	O
"	O
he	O
added	O
.	O

"	O
our	O
moisture	O
situation	O
is	O
excellent	O
,	O
especially	O
for	O
fall	O
planting	O
of	O
winter	O
wheat	O
,	O
"	O
said	O
kim	B-PER
anderson	E-PER
,	O
extension	O
wheat	O
marketing	O
economist	O
at	O
oklahoma	O
state	O
university	O
.	O

"	O
they	O
think	O
something	O
is	O
stuck	O
,	O
"	O
the	O
source	O
said	O
.	O
"	O

+4	O
costantino	B-PER
rocca	E-PER
(	O
italy	O
)	O
through	O
15	O

the	O
press	O
conference	O
replaces	O
matos	S-PER
's	O
scheduled	O
appearance	O
at	O
an	O
imf-hosted	O
seminar	O
thursday	O
on	O
venezuela	O
's	O
economic	O
reform	O
program	O
,	O
venezuelan	O
agenda	O
.	O

the	O
two	O
men	O
,	O
both	O
suffering	O
from	O
back	O
injuries	O
,	O
joined	O
the	O
england	O
squad	O
at	O
training	O
but	O
it	O
was	O
soon	O
clear	O
they	O
had	O
no	O
chance	O
of	O
making	O
the	O
flight	O
to	O
kishinev	O
on	O
friday	O
.	O

--	O
paris	O
newsroom	O
+331	O
4221	O
5452	O

western	O
division	O

-docstart-	O

hungary	O
's	O
gross	O
foreign	O
debt	O
rose	O
to	O
$	O
27.53	O
billion	O
in	O
june	O
from	O
$	O
27.25	O
billion	O
in	O
may	O
,	O
the	O

former	O
england	O
manager	O
bobby	B-PER
robson	E-PER
enjoyed	O
his	O
first	O
success	O
in	O
charge	O
of	O
barcelona	O
as	O
his	O
team	O
weathered	O
90	O
minutes	O
of	O
non-stop	O
atletico	O
madrid	O
pressure	O
to	O
win	O
the	O
spanish	O
super	O
cup	O
6-5	O
on	O
aggregate	O
on	O
wednesday	O
.	O

unsecured	O
claims	O
,	O
including	O
those	O
of	O
company	O
bondholders	O
,	O
will	O
be	O
satisfied	O
by	O
issuing	O
new	O
common	O
stock	O
and	O
warrants	O
.	O

bombay	O
1996-08-28	O

cologne	O
3	O
3	O
0	O
0	O
7	O
1	O
9	O

73	O
ross	B-PER
mcfarlane	E-PER
,	O
domingo	B-PER
hospital	E-PER
(	O
spain	O
)	O
,	O
seve	B-PER
ballesteros	E-PER

in	O
1994	O
he	O
served	O
two	O
months	O
in	O
prison	O
for	O
shooting	O
a	O
thief	O
in	O
the	O
buttocks	O
.	O

crystal	O
palace	O
3	O
oldham	O
1	O

ramallah	O
,	O
west	O
bank	O
1996-08-28	O

-docstart-	O

sierra	O
semiconductor	O
corp	O
jumped	O
23	O
percent	O
thursday	O
on	O
the	O
expectation	O
the	O
company	O
would	O
emerge	O
as	O
a	O
smaller	O
but	O
more	O
profitable	O
operation	O
after	O
its	O
planned	O
exit	O
from	O
the	O
computer	O
modem	O
business	O
.	O

tromso	O
2	O
kongsvinger	O
1	O

to	O
loud	O
applause	O
,	O
he	O
added	O
:	O
"	O
we	O
will	O
enter	O
doboj	O
,	O
untie	O
the	O
doboj	O
knot	O
and	O
ensure	O
free	O
movement	O
for	O
all	O
.	O

new	O
york	O
59	O
69	O
.461	O
21	O
1/2	O

fairview	O
,	O
texas	O
,	O
$	O
1.82	O
million	O
deal	O
baa1	O
-	O
moody	O
's	O
.	O

rapeseed	O
extraction	O
was	O
$	O
115	O
per	O
tonne	O
in	O
export	O
.	O

but	O
everything	O
has	O
been	O
put	O
on	O
ice	O
now	O
.	O
"	O

hong	O
kong	O
will	O
retain	O
its	O
own	O
currency	O
after	O
the	O
handover	O
,	O
run	O
its	O
own	O
financial	O
and	O
monetary	O
policy	O
and	O
have	O
control	O
over	O
its	O
own	O
foreign	O
exchange	O
reserves	O
.	O

dutch	O
coach	O
guus	B-PER
hiddink	E-PER
on	O
monday	O
recalled	O
midfielder	O
wim	B-PER
jonk	E-PER
after	O
a	O
14-month	O
absence	O
for	O
a	O
friendly	O
against	O
world	O
cup	O
holders	O
brazil	O
in	O
amsterdam	O
on	O
sunday	O
.	O

but	O
it	O
was	O
the	O
bullish	O
profit	O
forecast	O
for	O
1996/97	O
that	O
took	O
the	O
spotlight	O
in	O
the	O
market	O
,	O
with	O
some	O
analysts	O
saying	O
20	O
percent	O
may	O
even	O
be	O
an	O
understatement	O
.	O

it	O
was	O
a	O
bush	O
that	O
bagged	O
the	O
bad	O
guys	O
.	O

a.	B-PER
stewart	E-PER
lbw	O
b	O
waqar	B-PER
younis	E-PER
48	O

74	O
,	O
peter	B-PER
o'malley	E-PER
(	O
australia	O
)	O
71	O
73	O
75	O

people	O
close	O
to	O
her	O
said	O
she	O
then	O
eased	O
up	O
on	O
her	O
diet	O
and	O
indulged	O
her	O
passion	O
for	O
pasta	O
and	O
cake	O
,	O
but	O
it	O
was	O
not	O
clear	O
how	O
many	O
pounds	O
she	O
gained	O
and	O
most	O
people	O
who	O
saw	O
her	O
said	O
she	O
was	O
still	O
a	O
long	O
way	O
from	O
being	O
fat	O
.	O

"	O
i	O
am	O
reluctant	O
to	O
speculate	O
but	O
we	O
are	O
doing	O
the	O
preparations	O
and	O
the	O
secretary-general	O
is	O
anxious	O
to	O
start	O
the	O
program	O
,	O
"	O
said	O
undersecretary-general	O
yasushi	B-PER
akashi	E-PER
.	O

yr-yr	O
(	O
%	O
)	O
q1	O
+1.9	O
+2.3r	O
+3.4	O
-	O
-	O

almost	O
all	O
german	O
car	O
manufacturers	O
posted	O
gains	O
in	O
registration	O
numbers	O
in	O
the	O
period	O
.	O

$	O
22,040,000	O
ser	O
.	O

-docstart-	O

news	O
corp	O
said	O
strong	O
performances	O
in	O
u.s.	O
television	O
and	O
british	O
newspapers	O
were	O
offset	O
by	O
lower	O
profits	O
from	O
news	O
corp	O
's	O
magazine	O
and	O
publishing	O
divisions	O
and	O
further	O
hefty	O
losses	O
from	O
its	O
asian	O
star	O
tv	O
operations	O
.	O

graafschap	O
doetinchem	O
2	O
1	O
1	O
0	O
4	O
3	O
4	O

"	O
we	O
plan	O
to	O
build	O
a	O
10,000-seat	O
stadium	O
,	O
but	O
it	O
may	O
well	O
be	O
situated	O
elsewhere	O
,	O
"	O
said	O
club	O
chairman	O
abdul	B-PER
rahman	I-PER
haj	I-PER
yihye	E-PER
.	O
"	O

extras	O
(	O
b-1	O
lb-3	O
w-9	O
nb-3	O
)	O
16	O

1	O
-	O
yap	B-PER
kim	I-PER
hock	E-PER
/	O
cheah	B-PER
soon	I-PER
kit	E-PER
(	O
malaysia	O
)	O
beat	O
lee	B-PER
wan	I-PER
wah	E-PER
/	O
chong	S-PER

banharn	S-PER
's	O
13-month-old	O
,	O
six-party	O
coalition	O
government	O
controls	O
209	O
seats	O
in	O
the	O
391-seat	O
lower	O
house	O
of	O
parliament	O
.	O

robert	B-PER
casey	E-PER
,	O
a	O
vehement	O
opponent	O
of	O
abortion	O
,	O
from	O
speaking	O
.	O

bayern	O
munich	O
4	O
(	O
zickler	S-PER
26th	O
,	O
helmer	S-PER
37th	O
,	O
klinsmann	S-PER
44th	O
,	O

but	O
i	O
'm	O
still	O
competing	O
well	O
.	O
"	O

fall	O
of	O
wickets	O
:	O
1-16	O
2-16	O
3-33	O
4-35	O
5-56	O
6-98	O
7-100	O
8-120	O

-	O
turkish	O
foreign	O
minister	O
says	O
turkey	O
will	O
take	O
part	O
in	O
the	O
baghdad	O
trade	O
fair	O
that	O
will	O
be	O
held	O
in	O
november	O
.	O

liberia	O
's	O
civil	O
war	O
,	O
launched	O
by	O
taylor	S-PER
in	O
1989	O
,	O
has	O
killed	O
well	O
over	O
150,000	O
people	O
.	O

carlsbad	O
,	O
california	O
1996-08-25	O

sept	O
conf	O
bond	O
up	O
12	O
at	O
113.02	O
.	O

-docstart-	O

singapore	O
1996-08-29	O

petra	B-PER
langrova	E-PER
(	O
czech	O
republic	O
)	O
beat	O
naoko	B-PER
sawamatsu	E-PER
(	O
japan	O
)	O
6-	O
4	O
3-6	O
7-5	O

estonia	O
's	O
parliament	O
failed	O
for	O
a	O
second	O
time	O
to	O
elect	O
a	O
president	O
on	O
tuesday	O
,	O
dealing	O
a	O
blow	O
to	O
incumbent	O
lennart	B-PER
meri	E-PER
and	O
pushing	O
the	O
country	O
towards	O
stalemate	O
in	O
its	O
choice	O
of	O
a	O
new	O
head	O
of	O
state	O
.	O

geneva	O
1996-08-26	O

"	O
i	O
do	O
not	O
want	O
to	O
say	O
that	O
there	O
is	O
a	O
concrete	O
danger	O
for	O
consumers	O
,	O
"	O
he	O
added	O
.	O
"	O

7.	O
ryo	S-PER
38:34.682	O

ruutel	S-PER
won	O
34	O
votes	O
in	O
the	O
first	O
two	O
secret	O
ballots	O
.	O

st	O
helens	O
21	O
19	O
0	O
2	O
884	O
441	O
38	O

-docstart-	O

national	O

the	O
bank	O
said	O
most	O
of	O
the	O
charges	O
resulted	O
from	O
loan	O
portfolios	O
from	O
banks	O
and	O
thrifts	O
that	O
were	O
acquired	O
in	O
the	O
1980s	O
.	O

the	O
united	O
states	O
on	O
tuesday	O
welcomed	O
a	O
deal	O
aimed	O
at	O
resuming	O
a	O
troop	O
withdrawal	O
from	O
the	O
embattled	O
chechen	O
capital	O
,	O
grozny	O
.	O

weld	S-PER
,	O
speaking	O
on	O
wbur-fm	O
radio	O
on	O
thursday	O
,	O
said	O
he	O
was	O
facing	O
a	O
revolt	O
from	O
his	O
daughter	O
in	O
part	O
because	O
she	O
does	O
not	O
want	O
to	O
leave	O
cambridge	O
,	O
massachusetts	O
,	O
and	O
move	O
to	O
washington	O
.	O

the	O
stage	O
was	O
suspended	O
but	O
the	O
four-day	O
rally	O
resumed	O
on	O
saturday	O
.	O

it	O
could	O
take	O
up	O
to	O
a	O
month	O
before	O
a	O
new	O
vote	O
but	O
the	O
timetable	O
is	O
not	O
yet	O
clear	O
.	O

-docstart-	O

there	O
will	O
be	O
no	O
repeat	O
of	O
last	O
year	O
's	O
men	O
's	O
final	O
with	O
eighth-ranked	O
andre	B-PER
agassi	E-PER
landing	O
in	O
sampras	S-PER
's	O
half	O
of	O
the	O
draw	O
.	O

sachin	B-PER
tendulkar	E-PER
marked	O
his	O
debut	O
as	O
indian	O
captain	O
with	O
a	O
patient	O
110	O
on	O
wednesday	O
,	O
but	O
was	O
upstaged	O
by	O
dashing	O
sri	O
lankan	O
opener	O
sanath	B-PER
jayasuriya	E-PER
whose	O
120	O
steered	O
the	O
world	O
champions	O
to	O
a	O
nine-wicket	O
singer	O
cup	O
win	O
.	O

17.	O
ukyo	B-PER
katayama	E-PER
(	O
japan	O
)	O
tyrrell	O
1:55.371	O

the	O
icac	O
has	O
kept	O
a	O
close	O
eye	O
on	O
passport	O
scams	O
after	O
a	O
u.s.	O
official	O
was	O
jailed	O
for	O
trafficking	O
fake	O
honduran	O
passports	O
as	O
part	O
of	O
an	O
immigration	O
racket	O
aimed	O
at	O
chinese	O
.	O

soccer	O
-	O
english	O
league	O
results	O
.	O

alex	B-PER
rodriguez	E-PER
had	O
two	O
homers	O
and	O
four	O
rbi	O
for	O
the	O
mariners	O
,	O
who	O
have	O
dropped	O
three	O
in	O
a	O
row	O
and	O
11	O
of	O
15	O
.	O

12.	O
paul	B-PER
mcginley	E-PER
(	O
ireland	O
)	O
208,978	O

some	O
are	O
commanding	O
a	O
very	O
good	O
premium	O
of	O
95	O
cents	O
to	O
one	O
dollar	O
.	O

"	O
it	O
is	O
a	O
desperate	O
move	O
by	O
the	O
punr	O
,	O
which	O
is	O
losing	O
its	O
only	O
reason	O
for	O
existing	O
ahead	O
of	O
the	O
electoral	O
campaign	O
,	O
"	O
said	O
pdsr	O
executive	O
president	O
adrian	B-PER
nastase	E-PER
.	O

swansea	O
1	O
lincoln	O
2	O

+3	O
alexander	B-PER
cejka	E-PER
(	O
germany	O
)	O
through	O
10	O

round	O
of	O
the	O
$	O
2.1	O
million	O
nec	O
world	O
series	O
of	O
golf	O
at	O

"	O
at	O
the	O
same	O
time	O
,	O
it	O
's	O
an	O
advantage	O
for	O
cofinec	O
that	O
it	O
has	O
a	O
foreign	O
management	O
which	O
perhaps	O
understands	O
the	O
market	O
better	O
,	O
"	O
erdei	S-PER
added	O
.	O

moscow	O
1996-08-22	O

talbott	S-PER
,	O
the	O
second-ranking	O
state	O
department	O
official	O
,	O
was	O
to	O
meet	O
russian	O
deputy	O
foreign	O
minister	O
georgy	B-PER
mamedov	E-PER
as	O
part	O
of	O
a	O
regular	O
pattern	O
of	O
consultations	O
,	O
the	O
department	O
said	O
.	O

crawley	S-PER
,	O
unbeaten	O
on	O
94	O
overnight	O
in	O
an	O
england	O
total	O
of	O
278	O
for	O
six	O
,	O
was	O
spotted	O
strumming	O
a	O
guitar	O
in	O
the	O
dressing-room	O
as	O
the	O
oval	O
ground	O
staff	O
took	O
centre	O
stage	O
.	O

hamburg	O
4	O
2	O
0	O
2	O
7	O
7	O
6	O

arafat	S-PER
to	O
meet	O
peres	S-PER
in	O
gaza	O
after	O
flight	O
ban	O
.	O

san	O
francisco	O
1996-08-25	O

2-1	O
.	O

9.	O
stephane	B-PER
ortelli	E-PER
(	O
france	O
)	O
/	O
bob	B-PER
wollek	E-PER
(	O
france	O
)	O
/	O
franz	B-PER
konrad	E-PER

research	O
alert	O
-	O
career	O
horizons	O
said	O
cut	O
.	O

results	O
of	O
moroccan	O
first	O
division	O

andrea	B-PER
gaudenzi	E-PER
(	O
italy	O
)	O
vs.	O
shuzo	B-PER
matsuoka	E-PER
(	O
japan	O
)	O

puebla	O
3	O
3	O
0	O
0	O
7	O
2	O
9	O

the	O
boat	O
was	O
towed	O
to	O
the	O
port	O
city	O
of	O
buenaventura	O
.	O

-docstart-	O

winger	O
lee	B-PER
sharpe	E-PER
hit	O
a	O
superb	O
strike	O
from	O
the	O
edge	O
of	O
the	O
penalty	O
area	O
to	O
give	O
leeds	O
their	O
first	O
win	O
of	O
the	O
season	O
on	O
monday	O
and	O
leave	O
hapless	O
wimbledon	O
anchored	O
at	O
the	O
bottom	O
of	O
the	O
england	O
premier	O
league	O
.	O

shipments	O
to	O
the	O
auto	O
sector	O
fell	O
5.5	O
percent	O
to	O
15,286	O
tonnes	O
,	O
while	O
the	O
construction	O
sector	O
rose	O
2.4	O
percent	O
to	O
79,390	O
tonnes	O
.	O

avia	O
290.00	O
290.00	O
700	O
203.000	O

salim	B-PER
malik	E-PER
100	O
not	O
out	O
,	O
ijaz	B-PER
ahmed	E-PER
61	O
)	O

3.	O
fiona	B-PER
may	E-PER
(	O
italy	O
)	O
6.64	O

-docstart-	O

it	O
closes	O
on	O
september	O
14	O
.	O

women	O
's	O
singles	O

escravos	O
was	O
sold	O
on	O
a	O
dated	O
brent	O
related	O
basis	O
,	O
with	O
premiums	O
for	O
the	O
light	O
grade	O
seen	O
in	O
the	O
low	O
50-cent	O
range	O
.	O

it	O
will	O
replace	O
the	O
interim	O
karbovanets	O
currency	O
,	O
which	O
was	O
introduced	O
at	O
par	O
to	O
the	O
russian	O
rouble	O
in	O
1992	O
but	O
now	O
trades	O
at	O
almost	O
33	O
karbovanets	O
per	O
rouble	O
.	O

"	O
we	O
've	O
always	O
taken	O
the	O
view	O
that	O
we	O
are	O
the	O
sort	O
of	O
company	O
that	O
's	O
quite	O
capable	O
of	O
working	O
in	O
difficult	O
circumstances	O
--	O
we	O
're	O
rather	O
used	O
to	O
it	O
.	O

street	O
children	O
,	O
some	O
of	O
them	O
born	O
to	O
prostitutes	O
,	O
held	O
prayers	O
on	O
the	O
street	O
.	O
"	O

10/01	O
/	O
1998d	O
165m	O
4.50	O
4.20	O

hamas	O
cleric	O
jailed	O
in	O
israel	O
hospitalised	O
briefly	O
.	O

one	O
romanian	O
passenger	O
was	O
killed	O
,	O
and	O
14	O
others	O
were	O
injured	O
on	O
thursday	O
when	O
a	O
romanian-registered	O
bus	O
collided	O
with	O
a	O
bulgarian	O
one	O
in	O
northern	O
bulgaria	O
,	O
police	O
said	O
.	O

rugby	O
union	O
-	O
mulder	S-PER
out	O
of	O
second	O
test	O
.	O

first	O
division	O
after	O
wednesday	O
's	O
matches	O
:	O

6.	O
lance	B-PER
armstrong	E-PER
(	O
usa	O
)	O
motorola	O
0:08	O

scoreboard	O
of	O
the	O
second	O
singer	O

vienna	O
1996-08-29	O

but	O
stich	S-PER
did	O
n't	O
want	O
to	O
play	O
that	O
game	O
.	O

gujral	S-PER
said	O
india	O
would	O
re-examine	O
its	O
position	O
if	O
the	O
treaty	O
,	O
particularly	O
a	O
clause	O
providing	O
for	O
its	O
entry	O
into	O
force	O
,	O
was	O
modified	O
.	O

press	O
digest	O
-	O
hk	O
newspaper	O
editorials	O
-	O
aug	O
28	O
.	O

england	O
striker	O
alan	B-PER
shearer	E-PER
gave	O
kevin	B-PER
keegan	E-PER
's	O
talent-laden	O
side	O
the	O
lead	O
from	O
the	O
penalty	O
spot	O
after	O
13	O
minutes	O
after	O
wednesday	O
's	O
yugoslav	O
dejan	B-PER
stefanovic	E-PER
pulled	O
down	O
colombian	O
forward	O
faustino	B-PER
asprilla	E-PER
.	O

rugby	O
union-england	O
given	O
final	O
chance	O
to	O
stay	O
in	O
five	O
nations	O
.	O

first	O
rescuers	O
arrived	O
shortly	O
after	O
1	O
p.m.	O
(	O
1100	O
gmt	O
)	O
and	O
reported	O
soon	O
afterwards	O
that	O
most	O
of	O
the	O
three-engine	O
jet	O
's	O
wreckage	O
was	O
scattered	O
around	O
the	O
top	O
of	O
the	O
small	O
opera	O
mountain	O
while	O
the	O
rest	O
had	O
slid	O
down	O
the	O
mountainside	O
.	O

defenders	O
-	O
jorge	B-PER
costa	E-PER
,	O
paulinho	B-PER
santos	E-PER
,	O
helder	B-PER
cristovao	E-PER
,	O
carlos	B-PER
secretario	E-PER
,	O
dimas	B-PER
teixeira	E-PER
,	O
fernando	B-PER
couto	E-PER
.	O

derek	B-PER
ryan	E-PER
(	O
ireland	O
)	O
beat	O
paul	B-PER
johnson	E-PER
(	O
england	O
)	O
10-15	O
15-5	O
12-15	O
15-12	O
15-11	O

stockport	O
0	O
bournemouth	O
1	O

operating	O
income	O
906	O
962	O
599	O
515	O

the	O
kdp	O
,	O
led	O
by	O
massoud	B-PER
barzani	E-PER
,	O
had	O
said	O
a	O
previous	O
ceasefire	O
negotiated	O
by	O
pelletreau	S-PER
last	O
friday	O
was	O
broken	O
by	O
the	O
puk	O
.	O

kansas	O
feedlot	O
cattle	O
market	O
quiet	O
,	O
no	O
sales	O
-	O
usda	O
.	O

1	O
-	O
arantxa	B-PER
sanchez	I-PER
vicario	E-PER
(	O
spain	O
)	O
beat	O
naoko	B-PER
kijimuta	E-PER
(	O
japan	O
)	O

-docstart-	O

in	O
the	O
first	O
round	O
muster	S-PER
faces	O
american	O
richey	B-PER
reneberg	E-PER
,	O
who	O
has	O
been	O
playing	O
some	O
of	O
the	O
best	O
tennis	O
of	O
his	O
career	O
of	O
late	O
.	O

a	O
gunman	O
being	O
hunted	O
on	O
auckland	O
's	O
north	O
shore	O
was	O
captured	O
by	O
police	O
just	O
after	O
9	O
a.m.	O
on	O
tuesday	O
,	O
new	O
zealand	O
press	O
association	O
reported	O
.	O

3/4	O
-	O
marlene	B-PER
thomsen	E-PER
/	O
lisbet	B-PER
stuer-lauridsen	E-PER
(	O
denmark	O
)	O
beat	O

for	O
the	O
first	O
time	O
,	O
the	O
democratic	O
party	O
has	O
included	O
in	O
our	O
platform	O
a	O
conscience	O
clause	O
,	O
"	O
he	O
said	O
.	O

mutola	S-PER
looked	O
threatening	O
in	O
the	O
final	O
200	O
metres	O
but	O
the	O
russian	O
found	O
an	O
extra	O
gear	O
to	O
power	O
home	O
several	O
strides	O
ahead	O
,	O
pointing	O
at	O
the	O
time	O
on	O
the	O
clock	O
with	O
delight	O
as	O
she	O
crossed	O
the	O
line	O
.	O

spanish	O
farm	O
minister	O
loyola	B-PER
de	I-PER
palacio	E-PER
had	O
earlier	O
accused	O
fischler	S-PER
at	O
an	O
eu	O
farm	O
ministers	O
'	O
meeting	O
of	O
causing	O
unjustified	O
alarm	O
through	O
"	O
dangerous	O
generalisation	O
.	O
"	O

the	O
security	O
forces	O
also	O
said	O
a	O
man	O
carrying	O
an	O
explosive	O
device	O
also	O
died	O
after	O
it	O
went	O
off	O
prematurely	O
.	O

(	O
in	O
billions	O
of	O
yen	O
unless	O
specified	O
)	O

-docstart-	O

the	O
so-called	O
order	O
handling	O
rules	O
,	O
which	O
were	O
proposed	O
last	O
september	O
,	O
were	O
approved	O
in	O
a	O
4-0	O
vote	O
.	O

two	O
big-serving	O
women	O
's	O
players	O
made	O
quick	O
work	O
of	O
japanese	O
opponents	O
.	O

(	O
sweden	O
)	O

detroit	O
47	O
86	O
.353	O
27	O
1/2	O

berlex	O
filed	O
a	O
lawsuit	O
against	O
biogen	O
in	O
u.s.	O
district	O
court	O
in	O
newark	O
,	O
n.j.	O
in	O
july	O
,	O
but	O
biogen	O
had	O
already	O
filed	O
a	O
suit	O
against	O
berlex	O
in	O
massachusetts	O
in	O
may	O
.	O

1977	O
-	O
e.f.	B-PER
(	I-PER
fritz	I-PER
)	I-PER
schumacher	E-PER
,	O
economic	O
guru	O
and	O
author	O
of	O
the	O
best	O
seller	O
"	O
small	O
is	O
beautiful	O
"	O
,	O
died	O
on	O
his	O
way	O
to	O
a	O
conference	O
in	O
switzerland	O
.	O

yeltsin	S-PER
is	O
expected	O
to	O
go	O
on	O
holiday	O
in	O
the	O
near	O
future	O
,	O
but	O
officials	O
have	O
not	O
yet	O
said	O
where	O
he	O
will	O
go	O
or	O
when	O
.	O

soccer	O
-	O
marseille	O
hold	O
auxerre	O
to	O
goalless	O
draw	O
.	O

political	O
infighting	O
within	O
banharn	S-PER
's	O
chart	O
thai	O
party	O
has	O
raised	O
doubts	O
whether	O
he	O
can	O
hold	O
his	O
supporters	O
together	O
and	O
defeat	O
the	O
opposition	O
motion	O
,	O
political	O
analysts	O
said	O
.	O

born	O
in	O
1937	O
in	O
the	O
central	O
province	O
of	O
anhui	O
,	O
dai	S-PER
came	O
to	O
shanghai	O
as	O
a	O
student	O
and	O
remained	O
in	O
the	O
city	O
as	O
a	O
prolific	O
author	O
and	O
teacher	O
of	O
chinese	O
.	O

we	O
will	O
be	O
guests	O
of	O
the	O
kennedys	S-PER
,	O
"	O
said	O
frank	B-PER
quilter	E-PER
,	O
one	O
of	O
the	O
two	O
who	O
have	O
been	O
invited	O
to	O
chicago	O
.	O

a	O
shanghai	O
novelist	O
was	O
murdered	O
at	O
her	O
home	O
on	O
sunday	O
,	O
an	O
official	O
of	O
the	O
city	O
's	O
writers	O
association	O
said	O
on	O
wednesday	O
.	O

interfax	O
news	O
agency	O
said	O
police	O
had	O
detained	O
one	O
of	O
the	O
attackers	O
.	O

tue	O
mccarthy	O
yr	O
div	O
36.8	O
32.0-43.0	O
28.0	O

ipo	O
filing	O
-	O
transkaryotic	O
therapies	O
inc	O
.	O

exports	O
dipped	O
3.7	O
percent	O
to	O
18,867	O
tonnes	O
.	O

deputy	O
secretary	O
of	O
state	O
strobe	B-PER
talbott	E-PER
flew	O
to	O
ottawa	O
on	O
monday	O
to	O
meet	O
his	O
russian	O
counterpart	O
and	O
discuss	O
a	O
range	O
of	O
bilateral	O
and	O
european	O
security	O
issues	O
,	O
the	O
state	O
department	O
said	O
.	O

when	O
(	O
halfback	O
)	O
justin	B-PER
marshall	E-PER
got	O
the	O
ball	O
he	O
was	O
going	O
to	O
go	O
on	O
the	O
openside	O
where	O
jon	B-PER
preston	E-PER
was	O
so	O
i	O
emptied	O
my	O
lung	O
at	O
him	O
to	O
get	O
the	O
ball	O
this	O
way	O
.	O

i	O
knew	O
i	O
would	O
score	O
even	O
if	O
he	O
fielded	O
it	O
cleanly	O
,	O
he	O
could	O
n't	O
throw	O
me	O
out	O
.	O
"	O

they	O
said	O
the	O
index	O
could	O
also	O
rise	O
towards	O
65,000	O
if	O
the	O
cheap	O
share	O
prices	O
attracted	O
buyers	O
.	O

the	O
paper	O
said	O
that	O
using	O
administrative	O
power	O
to	O
limit	O
economic	O
activities	O
across	O
the	O
taiwan	O
strait	O
would	O
not	O
work	O
.	O

cairo	O
1996-08-29	O

two	O
indians	O
to	O
die	O
for	O
killing	O
23	O
bus	O
passengers	O
.	O

-	O
continued	O
criticism	O
of	O
law	O
violation	O
incidents	O
--	O
which	O
occurred	O
in	O
the	O
mount	O
lebanon	O
elections	O
last	O
sunday	O
.	O

the	O
leftist	O
popular	O
revolutionary	O
army	O
(	O
epr	O
)	O
in	O
a	O
published	O
report	O
on	O
sunday	O
said	O
it	O
operated	O
throughout	O
mexico	O
,	O
including	O
the	O
capital	O
,	O
and	O
denied	O
government	O
assertions	O
it	O
was	O
isolated	O
to	O
one	O
state	O
.	O

number	O
denotes	O
seeding	O
)	O
:	O

agriculture	O
secretary	O
dan	B-PER
glickman	E-PER
said	O
the	O
department	O
was	O
monitoring	O
reports	O
of	O
aflatoxin	O
found	O
in	O
corn	O
in	O
parts	O
of	O
texas	O
.	O

in	O
toronto	O
,	O
juan	B-PER
guzman	E-PER
allowed	O
three	O
runs	O
over	O
seven	O
innings	O
to	O
make	O
homers	O
by	O
joe	B-PER
carter	E-PER
and	O
carlos	B-PER
delgado	E-PER
stand	O
up	O
as	O
the	O
surging	O
toronto	O
blue	O
jays	O
held	O
off	O
the	O
minnesota	O
twins	O
,	O
5-3	O
.	O

"	O
its	O
just	O
desserts	O
for	O
all	O
the	O
'	O
bolos	O
'	O
(	O
drunkards	O
)	O
who	O
sleep	O
in	O
the	O
streets	O
of	O
our	O
beautiful	O
town	O
,	O
"	O
said	O
a	O
woman	O
who	O
worked	O
in	O
the	O
local	O
market	O
.	O

the	O
king	O
will	O
visit	O
chongqing	O
before	O
arriving	O
in	O
the	O
chinese	O
capital	O
,	O
beijing	O
,	O
early	O
next	O
week	O
,	O
officials	O
said	O
.	O

his	O
170	O
against	O
the	O
mcc	O
was	O
an	O
innings	O
of	O
supreme	O
class	O
against	O
the	O
best	O
bowling	O
attack	O
we	O
faced	O
all	O
tour	O
,	O
"	O
woolmer	S-PER
told	O
a	O
news	O
conference	O
.	O

geert	B-PER
de	I-PER
clercq	E-PER

parana	O
3	O
guarani	O
0	O

"	O
i	O
still	O
feel	O
it	O
's	O
embarrassing	O
what	O
happened	O
and	O
i	O
was	O
about	O
to	O
pull	O
out	O
yesterday	O
and	O
say	O
,	O
'	O
that	O
's	O
it	O
,	O
'	O
"	O
said	O
stich	S-PER
,	O
one	O
of	O
a	O
host	O
of	O
men	O
who	O
cried	O
foul	O
over	O
seeding	O
procedures	O
that	O
forced	O
an	O
unprecedented	O
remaking	O
of	O
the	O
men	O
's	O
draw	O
last	O
week	O
.	O

-docstart-	O

the	O
company	O
said	O
that	O
during	O
the	O
quarter	O
,	O
which	O
began	O
june	O
1	O
,	O
it	O
bought	O
$	O
30	O
million	O
par	O
value	O
of	O
its	O
outstanding	O
10-3/8	O
percent	O
senior	O
notes	O
due	O
2001	O
.	O

volume	O
was	O
19,560	O
contracts	O
.	O

puchon	O
3	O
chonan	O
0	O
(	O
halftime	O
1-0	O
)	O

more	O
hostages	O
freed	O
from	O
hijacked	O
sudanese	O
plane	O
.	O

russian	O
grade	O
a0	O
nominal	O
2.00-2.25	O
cents	O
/	O
pound	O

r.	B-PER
irani	E-PER
not	O
out	O
6	O

india	O
's	O
cotton	O
trade	O
was	O
shut	O
on	O
wednesday	O
for	O
a	O
local	O
religious	O
festival	O
,	O
dealers	O
said	O
.	O

alejandro	B-PER
lanusse	E-PER
,	O
the	O
former	O
dictator	O
who	O
ruled	O
argentina	O
for	O
two	O
years	O
,	O
died	O
at	O
age	O
78	O
on	O
monday	O
.	O

lille	O
3	O
(	O
boutoille	S-PER
47th	O
,	O
becanovic	S-PER
79th	O
pen	O
,	O
82nd	O
)	O
)	O
rennes	O
1	O

managua	O
,	O
nicaragua	O
1996-08-23	O

in	O
seattle	O
,	O
jay	B-PER
buhner	E-PER
's	O
eighth-inning	O
single	O
snapped	O
a	O
tie	O
as	O
the	O
seattle	O
mariners	O
edged	O
the	O
new	O
york	O
yankees	O
2-1	O
in	O
the	O
opener	O
of	O
a	O
three-game	O
series	O
.	O

soccer	O
-	O
jonk	S-PER
returns	O
to	O
dutch	O
squad	O
for	O
brazil	O
friendly	O
.	O

toronto	O
at	O
chicago	O

san	O
francisco	O
56	O
73	O
.434	O
14	O
1/2	O

-docstart-	O

halftime	O
1-1	O
.	O

tillekeratne	S-PER
,	O
roshan	B-PER
mahanama	E-PER
,	O
kumara	B-PER
dharmasena	E-PER
,	O
chaminda	B-PER
vaas	E-PER
,	O

his	O
health	O
was	O
the	O
subject	O
of	O
much	O
recent	O
speculation	O
.	O

one	O
of	O
the	O
men	O
,	O
who	O
killed	O
the	O
pedestrian	O
,	O
was	O
hanged	O
at	O
the	O
site	O
of	O
the	O
crime	O
and	O
the	O
other	O
was	O
executed	O
in	O
adel	O
prison	O
in	O
shiraz	O
,	O
the	O
newspaper	O
said	O
.	O

pkk	O
guerrillas	O
would	O
accompany	O
the	O
soldiers	O
,	O
captured	O
last	O
spring	O
in	O
one	O
of	O
turkey	O
's	O
frequent	O
cross-border	O
drives	O
,	O
until	O
they	O
could	O
be	O
handed	O
over	O
,	O
he	O
said	O
.	O

8.	O
sigurd	B-PER
njerve	E-PER
(	O
norway	O
)	O
16.35	O

corrigendum	O
to	O
commission	O
regulation	O
(	O
ec	O
)	O
no	O
1464/96	O
of	O
25	O
july	O
1996	O
relating	O
to	O
a	O
standing	O
invitation	O
to	O
tender	O
to	O
determine	O
levies	O
and	O
/	O
or	O
refunds	O
on	O
exports	O
of	O
white	O
sugar	O
(	O
oj	O
no	O
l	O
187	O
of	O
26.7.1996	O
)	O

i	O
think	O
we	O
can	O
look	O
forward	O
to	O
further	O
growth	O
"	O
.	O

south	O
african	O
company	O
results	O
expected	O
next	O
week	O
include	O
the	O

"	O
although	O
,	O
if	O
we	O
did	O
get	O
someone	O
that	O
was	O
seen	O
as	O
looking	O
for	O
a	O
dollar	O
depreciation	O
,	O
it	O
would	O
probably	O
hurt	O
capital	O
flows	O
to	O
the	O
united	O
states	O
,	O
"	O
said	O
widness	S-PER
,	O
adding	O
that	O
could	O
hurt	O
u.s.	O
stocks	O
and	O
,	O
to	O
a	O
lesser	O
degree	O
,	O
bonds	O
.	O

results	O
of	O
portuguese	O
first	O

"	O
results	O
of	O
the	O
registration	O
for	O
september	O
elections	O
herald	O
a	O
dismal	O
future	O
for	O
multi-ethnicity	O
in	O
bosia-hercegovina	O
,	O
"	O
warned	O
soren	B-PER
jessen-petersen	E-PER
,	O
special	O
envoy	O
for	O
the	O
u.n.	O
high	O
commissioner	O
for	O
refugees	O
in	O
former	O
yugoslavia	O
.	O

zagreb	O
1996-08-23	O

baltimore	O
70	O
61	O
.534	O
4	O

out	O
,	O
w.	B-PER
khan	E-PER
52	O
;	O
r.	B-PER
illingworth	E-PER
4-54	O
,	O
s.	B-PER
lampitt	E-PER
4-90	O
)	O
.	O

a	O
new	O
zealand	O
motorist	O
got	O
an	O
unexpected	O
free	O
flight	O
to	O
tonga	O
on	O
tuesday	O
after	O
being	O
caught	O
drinking	O
and	O
driving	O
.	O

soccer	O
-	O
polish	O
first	O
division	O
results	O
/	O
standings	O
.	O

vw	O
had	O
a	O
1995	O
third	O
quarter	O
group	O
net	O
profit	O
of	O
72	O
million	O
marks	O
.	O

at	O
florida	O
,	O
kevin	B-PER
brown	E-PER
scattered	O
seven	O
hits	O
over	O
eight	O
innings	O
and	O
kurt	B-PER
abbott	E-PER
snapped	O
a	O
sixth-inning	O
tie	O
with	O
a	O
two-run	O
double	O
as	O
the	O
florida	O
marlins	O
defeated	O
the	O
tired	O
cincinnati	O
reds	O
5-3	O
.	O

bondholders	O
and	O
other	O
unsecured	O
non-trade	O
creditors	O
will	O
receive	O
warrants	O
four	O
about	O
2.2	O
million	O
shares	O
when	O
the	O
company	O
's	O
market	O
capitalization	O
reaches	O
$	O
20	O
million	O
.	O

colorado	O
66	O
62	O
.516	O
3	O
1/2	O

western	O
division	O

somerset	O
298-6	O
(	O
m.	B-PER
lathwell	E-PER
85	O
,	O

-	O
editorial	O
blames	O
u.s.	O
for	O
latest	O
flare-up	O
of	O
fighting	O
between	O
kurdish	O
rebels	O
in	O
northern	O
iraq	O
.	O

clean	O
tanker	O
fixtures	O
and	O
enquiries	O
-	O
1754	O
gmt	O
.	O

casey	S-PER
told	O
a	O
news	O
conference	O
in	O
chicago	O
on	O
tuesday	O
he	O
had	O
asked	O
to	O
speak	O
again	O
this	O
year	O
but	O
was	O
turned	O
down	O
.	O

1.206	O
bln	O
9	O
days	O

-docstart-	O

this	O
is	O
a	O
decision	O
of	O
the	O
leadership	O
,	O
"	O
garang	S-PER
said	O
.	O

the	O
united	O
states	O
also	O
will	O
be	O
able	O
to	O
designate	O
one	O
new	O
all-cargo	O
carrier	O
for	O
service	O
between	O
the	O
two	O
nations	O
after	O
two	O
years	O
.	O

detroit	O
7	O
kansas	O
city	O
4	O

with	O
democrats	O
gathering	O
in	O
chicago	O
to	O
start	O
a	O
convention	O
on	O
monday	O
to	O
nominate	O
him	O
for	O
a	O
second	O
term	O
as	O
president	O
,	O
clinton	S-PER
plans	O
a	O
steady	O
parade	O
of	O
events	O
designed	O
to	O
highlight	O
his	O
leadership	O
and	O
dim	O
the	O
glow	O
of	O
the	O
just-concluded	O
republican	O
conclave	O
that	O
gave	O
a	O
boost	O
to	O
rival	O
bob	B-PER
dole	E-PER
.	O

both	O
worldcom	O
inc	O
and	O
mfs	O
communications	O
co	O
inc	O
were	O
trading	O
but	O
they	O
moved	O
in	O
line	O
with	O
their	O
close	O
.	O

speaking	O
in	O
santa	O
barbara	O
,	O
california	O
,	O
dole	S-PER
did	O
not	O
directly	O
refer	O
to	O
the	O
sexual	O
scandal	O
but	O
said	O
the	O
departure	O
of	O
morris	S-PER
,	O
who	O
had	O
advised	O
clinton	S-PER
to	O
chart	O
a	O
more	O
centrist	O
political	O
course	O
,	O
would	O
make	O
clinton	S-PER
drift	O
back	O
to	O
the	O
left	O
.	O

blantyre	O
1996-08-24	O

-docstart-	O

a	O
u.s.	O
fighter	O
plane	O
blew	O
a	O
tyre	O
and	O
caught	O
fire	O
while	O
landing	O
on	O
sunday	O
at	O
israel	O
's	O
ben	O
gurion	O
airport	O
,	O
an	O
airport	O
spokesman	O
said	O
.	O

unemployment	O
(	O
pct	O
)	O
july	O
10.8	O
pct	O
(	O
june	O
10.6	O
pct	O
)	O

proj	O
.	O

women	O
's	O
long	O
jump	O
:	O

7.	O
annette	B-PER
peters	E-PER
(	O
u.s.	O
)	O
15:07.85	O

new	O
york	O
74	O
57	O
.565	O
-	O

amsterdam	O
1996-08-28	O

bristol	O
city	O
0	O
blackpool	O
1	O

mark	B-PER
gleeson	E-PER

pittsburgh	O
56	O
75	O
.427	O
14	O

i.	B-PER
healy	E-PER
b	O
brandes	S-PER
5	O

pittsburgh	O
at	O
colorado	O

in	O
boston	O
,	O
troy	B-PER
o'leary	E-PER
homered	O
off	O
the	O
right-field	O
foul	O
pole	O
with	O
one	O
out	O
in	O
the	O
bottom	O
of	O
the	O
ninth	O
and	O
the	O
red	O
sox	O
climbed	O
to	O
the	O
.500	O
mark	O
for	O
the	O
first	O
time	O
this	O
season	O
with	O
their	O
fourth	O
straight	O
victory	O
,	O
2-1	O
over	O
the	O
oakland	O
athletics	O
.	O

a	O
cutback	O
plan	O
could	O
slim	O
their	O
numbers	O
to	O
1,700	O
from	O
4,200	O
.	O

i	O
am	O
and	O
always	O
will	O
be	O
grateful	O
for	O
the	O
great	O
contributions	O
he	O
has	O
made	O
to	O
my	O
campaigns	O
and	O
for	O
the	O
invaluable	O
work	O
he	O
has	O
done	O
for	O
me	O
over	O
the	O
last	O
two	O
years	O
.	O
"	O

juan	B-PER
lopez	E-PER
gave	O
atletico	O
the	O
lead	O
midway	O
through	O
the	O
first	O
half	O
after	O
barcelona	O
fullback	O
albert	B-PER
ferrer	E-PER
and	O
substitute	O
goalkeeper	O
julen	B-PER
lopetegui	E-PER
failed	O
to	O
clear	O
a	O
milinko	B-PER
pantic	E-PER
cross	O
.	O

leicester	O
:	O
somerset	O
83	O
(	O
d.	B-PER
millns	E-PER
4-35	O
)	O
,	O
leicestershire	O
202-5	O

m'bishi	O
gas	O
sets	O
terms	O
on	O
7-year	O
straight	O
.	O

total	O
volume	O
--	O
83,008	O
60,131	O
22,877	O
--	O

add	O
women	O
's	O
singles	O
,	O
second	O
round	O

sion	O
win	O
4-2	O
on	O
agrregate	O
.	O

1.	O
yuuchi	B-PER
takeda	E-PER
(	O
japan	O
)	O
honda	O
38	O
minutes	O
30.054	O
seconds	O

taipei	O
1996-08-27	O

second	O
round	O
results	O
in	O
the	O
hong	O
kong	O
open	O
on	O
thursday	O
(	O
prefix	O
number	O
denotes	O
seeding	O
)	O
:	O

"	O
we	O
have	O
notified	O
them	O
of	O
our	O
concerns	O
and	O
asked	O
them	O
to	O
give	O
us	O
a	O
response	O
,	O
"	O
said	O
colorado	O
attorney	O
general	O
gale	B-PER
norton	E-PER
.	O

-docstart-	O

the	O
nation	O
's	O
new	O
welfare	O
reform	O
law	O
limits	O
eligibility	O
,	O
gives	O
states	O
more	O
power	O
and	O
ends	O
direct	O
federal	O
aid	O
for	O
poor	O
children	O
.	O

8	O
(	O
80	O
)	O

senate	O
intelligence	O
chairman	O
in	O
saudi	O
bomb	O
probe	O
.	O

botham	S-PER
dashed	O
back	O
to	O
portsmouth	O
and	O
took	O
the	O
field	O
as	O
the	O
thrid	O
over	O
began	O
.	O

asked	O
what	O
india	O
would	O
do	O
if	O
the	O
pact	O
were	O
forwarded	O
to	O
the	O
united	O
nations	O
general	O
assembly	O
,	O
gujral	S-PER
said	O
:	O
"	O
that	O
bridge	O
i	O
will	O
cross	O
when	O
i	O
come	O
to	O
it	O
.	O
"	O

ijaya	B-PER
indra	E-PER
(	O
indonesia	O
)	O
beat	O
p.	B-PER
kantharoopan	E-PER
(	O
malaysia	O
)	O
15-6	O
5-4	O

extras	O
(	O
b-6	O
lb-2	O
w-1	O
nb-13	O
)	O
22	O

,	O
$	O
2.44	O
million	O
refunding	O
bonds	O
.	O

standings	O
(	O
tabulated	O
under	O
played	O
,	O
won	O
,	O
drawn	O
,	O
lost	O
,	O
goals	O

security	O
forces	O
also	O
killed	O
an	O
unspecified	O
number	O
of	O
members	O
of	O
a	O
rebel	O
gang	O
on	O
wednesday	O
in	O
the	O
leveilly	O
suburb	O
of	O
algiers	O
,	O
le	O
matin	O
newspaper	O
reported	O
.	O

detective	O
earl	B-PER
feugill	E-PER
,	O
camouflaged	O
as	O
a	O
shaggy	O
green	O
bush	O
,	O
ordered	O
them	O
to	O
freeze	O
.	O
"	O

the	O
non-eu	O
july	O
trade	O
deficit	O
totalled	O
506	O
million	O
sterling	O
(	O
$	O
788	O
million	O
)	O
while	O
june	O
's	O
world	O
deficit	O
was	O
1.12	O
billion	O
pounds	O
.	O

-docstart-	O

balloting	O
inside	O
bosnia	O
is	O
scheduled	O
for	O
september	O
14	O
,	O
when	O
citizens	O
are	O
slated	O
to	O
elect	O
municipal	O
and	O
cantonal	O
assemblies	O
,	O
separate	O
moslem-croat	O
and	O
serb	O
parliaments	O
,	O
a	O
national	O
house	O
of	O
representatives	O
and	O
a	O
three-man	O
presidency	O
.	O

middlesex	O
13	O
5	O
5	O
3	O
26	O
45	O
160	O

crystal	O
palace	O
3	O
1	O
1	O
1	O
3	O
2	O
4	O

they	O
included	O
a	O
black	O
lacquer	O
and	O
mother	O
of	O
pearl	O
inlaid	O
box	O
used	O
by	O
hendrix	S-PER
to	O
store	O
his	O
drugs	O
,	O
which	O
an	O
anonymous	O
australian	O
purchaser	O
bought	O
for	O
5,060	O
pounds	O
(	O
$	O
7,845	O
)	O
.	O

(	O
korneev	S-PER
15th	O
,	O
hansma	S-PER
24th	O
,	O
wouden	S-PER
70th	O
,	O
90th	O
)	O
.	O

malcolm	B-PER
marshall	E-PER
(	O
west	O
indies	O
)	O
376	O
,	O
81	O

"	O
in	O
these	O
weekly	O
lunches	O
we	O
are	O
going	O
to	O
get	O
to	O
know	O
the	O
problems	O
of	O
the	O
indian	O
,	O
mixed-race	O
,	O
black	O
and	O
peasant	O
sectors	O
,	O
"	O
he	O
said	O
.	O

arminia	O
bielefeld	O
1	O
duisburg	O
1	O

mother	B-PER
teresa	E-PER
turns	O
86	O
but	O
still	O
in	O
danger	O
.	O

asarco	O
pure	O
lead	O
(	O
effective	O
date	O
:	O
august	O
1	O
,	O
1996	O
)	O

he	O
and	O
co-driver	O
derek	B-PER
ringer	E-PER
were	O
unhurt	O
but	O
team	O
boss	O
david	B-PER
richards	E-PER
was	O
furious	O
with	O
them	O
.	O

polonia	O
warsaw	O
7	O
3	O
1	O
3	O
7	O
9	O
10	O

minneapolis	O
1996-08-28	O

we	O
,	O
and	O
many	O
other	O
countries	O
,	O
do	O
n't	O
understand	O
this	O
(	O
britain	O
's	O
)	O
position	O
,	O
"	O
moussa	S-PER
told	O
reporters	O
.	O

jakarta	O
1996-08-22	O

chicago	O
1996-08-29	O

essex	O
532-8	O

-docstart-	O

new	O
york	O
1996-08-28	O

group	O
sales	O
14,600	O
up	O
3.3	O
pct	O

nac	O
breda	O
2	O
1	O
0	O
1	O
1	O
1	O
3	O

2.	O
damon	B-PER
hill	E-PER
(	O
britain	O
)	O
williams	O
1:50.980	O

"	O
since	O
the	O
brady	O
law	O
went	O
into	O
effect	O
on	O
february	O
28	O
,	O
1994	O
(	O
it	O
)	O
has	O
stopped	O
more	O
than	O
100,000	O
convicted	O
felons	O
and	O
other	O
prohibited	O
purchasers	O
from	O
buying	O
a	O
handgun	O
.	O

schumacher	S-PER
won	O
the	O
race	O
in	O
1	O
hour	O
28	O
minutes	O
15.125	O
seconds	O
at	O
an	O
average	O
speed	O
of	O
208.442	O
km	O
/	O
hour	O
(	O
130	O
m.p.h.	O
)	O
.	O

cska	O
6	O
1	O
1	O
4	O
4	O
7	O
4	O

---------------------	O

bme	O
repeated	O
in	O
its	O
latest	O
review	O
rumours	O
of	O
involvement	O
by	O
sumitomo	O
corp	O
,	O
with	O
cniec	O
said	O
to	O
be	O
helping	O
the	O
japanese	O
trader	O
unload	O
its	O
copper	O
positions	O
after	O
it	O
revealed	O
in	O
june	O
losses	O
of	O
$	O
1.8	O
billion	O
in	O
a	O
decade	O
of	O
unauthorised	O
deals	O
.	O

adam	B-PER
fedoruk	E-PER
,	O
dariusz	B-PER
jackiewicz	E-PER
(	O
both	O
amica	O
wronki	O
)	O
,	O

uag	O
1	O
neza	O
2	O

ofk	O
beograd	O
3	O
0	O
3	O
1	O
4	O
4	O
3	O

if	O
more	O
than	O
one	O

they	O
said	O
volume	O
was	O
thin	O
following	O
a	O
public	O
holiday	O
in	O
hong	O
kong	O
and	O
the	O
united	O
kingdom	O
.	O

another	O
203	O
international	O
staff	O
and	O
325	O
iraqis	O
would	O
run	O
the	O
programme	O
in	O
the	O
central	O
and	O
southern	O
parts	O
of	O
the	O
country	O
.	O

choudhury	S-PER
also	O
was	O
president	O
of	O
the	O
41st	O
session	O
of	O
the	O
u.n.	O
general	O
assembly	O
in	O
1986-87	O
.	O

zinzan	B-PER
brooke	E-PER
,	O
the	O
only	O
no	O
8	O
in	O
test	O
rugby	O
to	O
have	O
scored	O
a	O
dropped	O
goal	O
when	O
he	O
kicked	O
a	O
three-pointer	O
against	O
england	O
during	O
last	O
year	O
's	O
world	O
cup	O
,	O
added	O
a	O
second	O
to	O
his	O
name	O
yesterday	O
.	O

we	O
think	O
that	O
when	O
the	O
word	O
about	O
how	O
things	O
are	O
going	O
in	O
mahala	O
which	O
is	O
about	O
35	O
minutes	O
away	O
by	O
road	O
reaches	O
zvornik	O
that	O
should	O
help	O
,	O
"	O
marriner	S-PER
said	O
.	O

the	O
individual	O
names	O
,	O
however	O
,	O
now	O
must	O
decide	O
whether	O
to	O
accept	O
lloyd	O
's	O
settlement	O
offer	O
or	O
reject	O
the	O
offer	O
and	O
pursue	O
litigation	O
.	O

4	O
-	O
marcelo	B-PER
rios	E-PER
(	O
chile	O
)	O
beat	O
patrick	B-PER
rafter	E-PER
(	O
australia	O
)	O
0-6	O

-docstart-	O

brasilia	O
1996-08-22	O

johannesburg	O
1996-08-23	O

the	O
previous	O
mark	O
of	O
2:29.34	O
was	O
set	O
by	O
mozambique	O
's	O
maria	B-PER
mutola	E-PER
here	O
on	O
august	O
25	O
last	O
year	O
.	O

sunday	O
,	O
september	O
1	O
:	O

the	O
letter	O
was	O
signed	O
by	O
some	O
200	O
area	O
residents	O
and	O
indigenous	O
leaders	O
.	O

championship	O
at	O
collingtree	O
park	O
on	O
wednesday	O
(	O
britain	O
unless	O

nyva	O
ternopil	O
6	O
2	O
0	O
4	O
4	O
11	O
6	O

i	O
do	O
n't	O
think	O
it	O
's	O
safe	O
for	O
me	O
.	O

"	O
on	O
friday	O
,	O
all	O
moslems	O
,	O
including	O
palestinians	O
in	O
israel	O
...	O

kigali	O
1996-08-24	O

perhaps	O
the	O
best	O
,	O
yet	O
most	O
unfortunate	O
,	O
first-round	O
matchup	O
of	O
the	O
men	O
's	O
competition	O
pits	O
eighth	O
seed	O
jim	B-PER
courier	E-PER
against	O
retiring	O
star	O
stefan	B-PER
edberg	E-PER
.	O

jonzon	S-PER
(	O
sweden	O
)	O
67	O
67	O
,	O
roger	B-PER
chapman	E-PER
72	O
62	O
,	O
jonathan	B-PER
lomas	E-PER

london	O
1996-08-27	O

london	O
1996-08-27	O

american	O
league	O

-docstart-	O

socal	O
edison	O
sees	O
2	O
power	O
lines	O
back	O
today	O
.	O

i.	B-PER
salisbury	E-PER
not	O
out	O
0	O

the	O
clause	O
recognizes	O
and	O
welcomes	O
democrats	O
with	O
divergent	O
views	O
on	O
abortion	O
and	O
states	O
they	O
have	O
a	O
full	O
part	O
to	O
play	O
at	O
all	O
levels	O
of	O
the	O
party	O
.	O

the	O
second	O
round	O
of	O
the	O
british	O
masters	O
on	O
thursday	O
(	O
british	O

lamonts	O
said	O
it	O
plans	O
to	O
issue	O
9	O
million	O
shares	O
of	O
new	O
common	O
stock	O
.	O

"	O
we	O
will	O
then	O
proceed	O
with	O
the	O
annexation	O
of	O
sardinia	O
,	O
corsica	O
and	O
cyprus	O
,	O
"	O
cimicchi	S-PER
told	O
reporters	O
on	O
saturday	O
.	O

eurograde	O
barges	O
were	O
offered	O
at	O
$	O
207	O
fob	O
ara	O
for	O
amsterdam-rotterdam	O
barrels	O
,	O
and	O
at	O
$	O
206	O
for	O
full	O
ara	O
material	O
.	O

notes	O
-	O
sales	O
and	O
operating	O
profit	O
are	O
given	O
in	O
millions	O
of	O
guilders	O
.	O

l.o.	O
:	O
steptoe	O
&	O
johnson	O
,	O
clarksburg	O

from	O
the	O
people	O
who	O
brought	O
you	O
hundreds	O
of	O
"	O
yogic	O
fliers	O
"	O
who	O
claimed	O
to	O
defy	O
nature	O
by	O
levitating	O
comes	O
the	O
natural	O
law	O
party	O
,	O
a	O
minor	O
political	O
party	O
that	O
nominated	O
a	O
presidential	O
candidate	O
on	O
thursday	O
.	O

similar	O
results	O
had	O
been	O
obtained	O
previously	O
in	O
test-tube	O
cell	O
cultures	O
,	O
but	O
not	O
in	O
live	O
animals	O
,	O
the	O
university	O
said	O
.	O

moscow	O
1996-08-28	O

neemuch	O
n.a	O
yellow	O
-	O
-	O

-docstart-	O

investigators	O
are	O
probing	O
several	O
other	O
cases	O
.	O

-docstart-	O

naphtha	O
50-75	O
75-100	O
50-75	O

bowling	O
:	O
kumble	S-PER
10-1-40-0	O
,	O
prasad	S-PER
6-0-47-0	O
,	O
srinath	S-PER

innocent	B-PER
butare	E-PER
,	O
executive	O
secretary	O
of	O
the	O
rally	O
for	O
the	O
return	O
of	O
refugees	O
and	O
democracy	O
in	O
rwanda	O
(	O
rdr	O
)	O
which	O
says	O
it	O
has	O
the	O
support	O
of	O
rwanda	O
's	O
exiled	O
hutus	O
,	O
appealed	O
to	O
the	O
international	O
community	O
to	O
deter	O
the	O
two	O
countries	O
from	O
going	O
ahead	O
with	O
what	O
it	O
termed	O
a	O
"	O
forced	O
and	O
inhuman	O
action	O
"	O
.	O

-docstart-	O

-docstart-	O

czech	O
cnb-120	O
index	O
rises	O
1.2	O
pts	O
to	O
869.3	O
.	O

foreign	O
ministry	O
officials	O
gave	O
no	O
details	O
of	O
the	O
issues	O
the	O
king	O
,	O
who	O
was	O
accompanied	O
by	O
foreign	O
minister	O
prakash	B-PER
chandra	I-PER
lohani	E-PER
,	O
would	O
discuss	O
with	O
chinese	O
leaders	O
.	O

new	O
york	O
5,710.53	O
-	O
22.94	O
5,778.00	O
5,032.94	O

vienna	O
1996-08-24	O

-docstart-	O

issuer	O
:	O
fairview	O
town	O

8	O
-	O
jim	B-PER
courier	E-PER
(	O
u.s.	O
)	O
vs.	O
javier	B-PER
sanchez	E-PER
(	O
spain	O
)	O

reuters	O
has	O
not	O
verified	O
these	O
stories	O
and	O
does	O
not	O
vouch	O
for	O
their	O
accuracy	O
.	O

2.	O
mark	B-PER
richardson	E-PER
(	O
britain	O
)	O
45.38	O

the	O
first	O
of	O
the	O
victims	O
were	O
two	O
vagrants	O
who	O
slept	O
in	O
an	O
abandoned	O
car	O
in	O
front	O
of	O
a	O
local	O
bank	O
,	O
the	O
newspaper	O
said	O
.	O

australia	O
-	O
mark	B-PER
waugh	E-PER
,	O
michael	B-PER
slater	E-PER
,	O
ricky	B-PER
ponting	E-PER
,	O
steve	B-PER
waugh	E-PER
,	O
stuart	B-PER
law	E-PER
,	O
michael	B-PER
bevan	E-PER
,	O
ian	B-PER
healy	E-PER
(	O
captain	O
)	O
,	O
brad	B-PER
hogg	E-PER
,	O
paul	B-PER
reiffel	E-PER
,	O
damein	B-PER
fleming	E-PER
,	O
glenn	B-PER
mcgrath	E-PER
.	O

montpellier	O
0	O
cannes	O
1	O

"	O
the	O
client	O
's	O
goal	O
is	O
to	O
complete	O
its	O
year	O
2000	O
conversion	O
activities	O
by	O
the	O
end	O
of	O
1997	O
,	O
"	O
the	O
statement	O
said	O
.	O

monrovia	O
1996-08-22	O

cleveland	O
lost	O
for	O
just	O
the	O
second	O
time	O
in	O
six	O
games	O
.	O

(	O
finland	O
)	O
gulf	O
mclaren	O
fi	O
gtr	O
171	O
laps	O
-	O
6	O
hours	O
18	O
minutes	O

surrey	O
slipped	O
to	O
88	O
for	O
four	O
in	O
reply	O
to	O
notts	O
'	O
commanding	O
first	O
innings	O
of	O
446	O
for	O
nine	O
declared	O
at	O
trent	O
bridge	O
,	O
before	O
alistair	B-PER
brown	E-PER
struck	O
a	O
55-ball	O
half-century	O
.	O

results	O
of	O
south	O
korean	O
pro-soccer	O
games	O
played	O
on	O
wednesday	O
.	O

"	O
the	O
letter	O
said	O
the	O
party	O
would	O
assault	O
the	O
embassy	O
,	O
other	O
south	O
korean-related	O
facilities	O
and	O
korean	O
nationals	O
unless	O
our	O
authorities	O
released	O
arrested	O
students	O
,	O
"	O
he	O
said	O
.	O

expectations	O
the	O
storm	O
would	O
turn	O
more	O
to	O
the	O
north	O
partly	O
eased	O
concerns	O
,	O
they	O
said	O
.	O

13.	O
eddie	B-PER
irvine	E-PER
(	O
britain	O
)	O
ferrari	O
29	O

-docstart-	O

penrose	S-PER
had	O
been	O
working	O
for	O
the	O
charity	O
which	O
provides	O
food	O
to	O
civilians	O
for	O
only	O
a	O
few	O
weeks	O
before	O
he	O
was	O
captured	O
.	O

cricket	O
-	O
gibbs	S-PER
gets	O
international	O
call	O
up	O
.	O

he	O
lost	O
to	O
greg	B-PER
norman	E-PER
in	O
sudden	O
death	O
last	O
year	O
.	O

